:100000000000022051C9000035C7000045C70000AC
:10001000A5C70000B5C70000C5C70000000000006C
:10002000000000000000000000000000D5C7000034
:10003000E5C700000000000081C60000C5C8000040
:10004000F5C70000F5C70000F5C70000F5C70000C0
:10005000F5C70000F5C70000F5C70000F5C70000B0
:10006000F5C70000F5C70000F5C70000F5C70000A0
:10007000F5C70000F5C70000F5C70000F5C7000090
:10008000F5C70000F5C70000F5C70000F5C7000080
:10009000F5C70000F5C70000F5C70000F5C7000070
:1000A000F5C70000F5C70000F5C70000F5C7000060
:1000B000F5C70000F5C70000F5C70000F5C7000050
:1000C000F5C70000F5C70000F5C70000F5C7000040
:1000D000F5C70000F5C70000F5C70000F5C7000030
:1000E000F5C70000F5C70000F5C70000F5C7000020
:1000F000F5C70000F5C70000F5C70000F5C7000010
:1001000080B500AF0BF094FC00BF80BD80B584B01B
:1001100000AF78600BF072FFF86007F10B0301216C
:1001200018460BF05BFCF8680BF050FFFB7A1846A2
:100130001037BD4680BD80B586B000AF78607B6863
:100140007B6100233B610BF059FF0346FB600121FB
:1001500078690BF043FC012178690BF015FC7B6991
:100160001B780D2B04D101210F480BF00DFC0EE084
:100170007B691B78032B03D14FF0FF333B6106E013
:100180007B6901337B613B6901333B61DFE77B695D
:1001900000221A70FB6818460BF018FF3B691846DE
:1001A0001837BD4680BD00BF8CFB000080B584B011
:1001B00000AF78607B68DBB2FB720BF01FFF034679
:1001C000FB60FB7A0A2B03D1012109480BF0DCFB11
:1001D00007F10B03012118460BF0D6FBFB6818460C
:1001E0000BF0F4FE002318461037BD4680BD00BF5B
:1001F0008DFB000080B584B000AF78607B68FB6049
:100200000BF0FCFE0346BB6006E0FB685A1CFA607C
:100210001B781846FFF7CAFFFB681B78002BF4D148
:10022000BB6818460BF0D2FE002318461037BD46B7
:1002300080BD00BF80B487B000AFF860B9601346DE
:10024000FB71FB799B10DBB203F01003FB75FB79AC
:1002500003F03F03FB7114E0FA79BB68B3FBF2F1E2
:1002600001FB02F29A1AFB7D1344FA68013AFA6024
:100270000E4AD25CFB681A70FB79BA68B2FBF3F3E2
:10028000BB60FB79BA689A42E6D2FA7DBB68134438
:10029000FA68013AFA60054AD25CFB681A70FB689A
:1002A00018461C37BD4680BC704700BFA0FB00004D
:1002B00080B590B000AFF860B9607A603B60002311
:1002C0003B63A2E297F82730252B07D03B6B002B2E
:1002D00040F09B827B68013B3B6396E23B6B002BCB
:1002E00009D07A683B6BD31A591EFB68BA68386B21
:1002F000984700233B63002387F825307B685A1C0E
:100300007A601B7887F8273097F82730302B2AD06F
:10031000302B30DC2D2B0AD02D2B2CDC2B2B0DD0B1
:100320002B2B28DC202B10D0232B15D023E097F883
:10033000253043F0010387F825301BE097F825307E
:1003400043F0020387F8253014E097F8253043F096
:10035000040387F825300DE097F8253043F00803B3
:1003600087F8253006E097F8253043F0100387F82A
:10037000253000BFC2E700BF97F827302A2B19D1DC
:100380003B681A1D3A601B687B87B7F93A30002B2F
:1003900009DA7B8F5B429BB27B8797F8253043F06D
:1003A000010387F825307B685A1C7A601B7887F830
:1003B00027301EE000237B8713E07B8F1A469200D4
:1003C00013445B009AB297F827309BB213449BB258
:1003D000303B9BB27B877B685A1C7A601B7887F81E
:1003E000273097F827302F2B03D997F82730392B50
:1003F000E3D94FF6FF733B8797F827302E2B40D178
:100400007B685A1C7A601B7887F8273097F827306A
:100410002A2B11D13B681A1D3A601B683B87B7F93C
:100420003830002B01DA00233B877B685A1C7A6046
:100430001B7887F827301EE000233B8713E03B8FB3
:100440001A46920013445B009AB297F827309BB289
:1004500013449BB2303B9BB23B877B685A1C7A604B
:100460001B7887F8273097F827302F2B03D997F878
:100470002730392BE3D997F8253023F0100387F87C
:100480002530002387F8243097F82730682B03D0D5
:1004900097F827306C2B09D197F8273087F824304C
:1004A0007B685A1C7A601B7887F827300A2387F804
:1004B00026300023FB7407F114030E33BB6297F858
:1004C0002730782B2ED0782B00F31781752B29D06D
:1004D000752B00F31281732B00F0D880732B00F37F
:1004E0000C81702B00F0BA80702B00F306816F2B0B
:1004F00018D06F2B00F30181692B13D0692B00F307
:10050000FC80642B0ED0642B00F3F780632B00F08B
:10051000E180632B00F3F180002B00F0EA80582B80
:1005200040F0EB8097F824306C2B05D13B681A1D06
:100530003A601B68FB6317E03B681A1D3A601B6852
:10054000FB6397F82430682B0ED197F82730692B7E
:1005500003D097F82730642B03D1FB6B1BB2FB63EE
:1005600002E0FB6B9BB2FB6397F82730782B37D008
:10057000782B5FDC752B58D0752B5BDC6F2B34D060
:100580006F2B57DC692B05D0692B53DC582B22D0FD
:10059000642B4FD1FB6B002B05DAFB6B5B42FB63DB
:1005A0002D23FB7410E097F8253003F00203002B95
:1005B00002D02B23FB7407E097F8253003F00403E7
:1005C000002B34D02023FB74B7F93A309BB2013BA7
:1005D0009BB27B8729E097F82630403387F8263096
:1005E00097F82630083387F8263097F82630023BF4
:1005F00087F8263097F8253003F00803002B18D031
:10060000FB6B002B15D07A8F97F82630082B01D181
:10061000012300E00223D31A9BB27B8797F8263090
:1006200063F07F0387F8263003E000BF02E000BFDD
:1006300000E000BFFB6B002B03D1B7F93830002B73
:1006400009D097F826301A46F96BB86AFFF7F2FD21
:10065000F86200BF56E0BB6AFB6253E03B681A1DBC
:100660003A601B68FB63FB6B002B06D0902387F876
:1006700026307B8F023B9BB27B8797F826301A4649
:10068000F96BB86AFFF7D6FDF8623BE03B681A1DCC
:100690003A601B68FB62FB6ABB62B7F93830002B1B
:1006A0000BDA02E0BB6A0133BB62BB6A1B78002B2A
:1006B000F8D126E0BB6A0133BB623B8F013B9BB2A2
:1006C0003B87B7F93830002B1BDBBB6A1B78002B4C
:1006D000F0D116E0BB6AFB623B681A1D3A601A68EB
:1006E000FB6A013BFB62D2B2FB6A1A7000233B87B4
:1006F00008E07B68013B7B6087E07B68013B3B63F4
:1007000083E000BFBA6AFB6AD31AFB863A8FFB8E7E
:10071000D31A9BB23B87B7F93830002B04DDFA8E31
:100720003B8F13449BB2FB867A8FFB8ED31A9BB20E
:100730007B8797F8253003F01103002B0DD104E0DF
:10074000FB68BA6801213E4898477B8F013B9BB20A
:100750007B87B7F93A30002BF2DAFB7C002B05D00F
:1007600007F11300FB68BA680121984797F9263012
:10077000002B17DAFB68BA6801213248984797F8CE
:10078000263003F01003002B0CD097F8263003F02E
:100790004003002B01D02C4800E02C48FB68BA68CD
:1007A000012198473B8FFB86B7F93630002B0FDCD1
:1007B00097F8253003F01103102B09D17B8FFB86AE
:1007C00000237B8704E0FB68BA6801211D48984735
:1007D000FB8E013B9BB2FB86B7F93630002BF2DA79
:1007E000BA6AFB6AD11AFB68BA68F86A984704E0EB
:1007F000FB68BA680121124898477B8F013B9BB286
:100800007B87B7F93A30002BF2DA7B685A1C7A60A2
:100810001B7887F8273097F82730002B7FF452ADEC
:100820003B6B002B07D07A683B6BD31A591EFB68D1
:10083000BA68386B984700BF4037BD4680BD00BFDF
:1008400090FB000094FB000098FB00009CFB000064
:1008500080B584B000AFF860B9607A607B68B3F9A6
:1008600000309AB2BB689BB213449BB21AB27B6849
:100870001A8006E0FB685A1CFA601B781846FFF7DE
:1008800095FCBB68013BBB60BB68002BF2DA00BF84
:1008900000BF1037BD4680BD0FB480B582B000AF39
:1008A00000237B8007F114037B60B91C7B683A69E5
:1008B0000548FFF7FDFCB7F9023018460837BD467A
:1008C000BDE8804004B070475108000080B485B096
:1008D00000AFF860B9607A607B68B3F900309AB213
:1008E000BB689BB213449BB21AB27B681A8009E0C2
:1008F000FA68531CFB607B685B68581C7968486029
:1009000012781A70BB68013BBB60BB68002BEFDA42
:1009100000BF00BF1437BD4680BC70470EB480B521
:1009200087B000AF786000233B827B687B6107F172
:100930002803FB6007F11001FB687A6A0948FFF79A
:10094000B7FCB7F910301A467B68134400221A70BE
:10095000B7F9103018461C37BD46BDE8804003B0DB
:10096000704700BFCD08000080B584B000AF78604C
:100970000BF044FBF8607B681B685A1C7B681A60AC
:100980007B681B68BB60F8680BF020FBBB681846EF
:100990001037BD4680BD80B584B000AF78600BF0E5
:1009A0002DFBF8607B681B68591E7A681160BB607C
:1009B000F8680BF00BFBBB6818461037BD4680BDCE
:1009C00080B582B000AF78607868FFF7CDFF03464E
:1009D000002B07DD7B685B684FF0FF320121184672
:1009E00006F001FB00BF0837BD4680BD80B582B070
:1009F00000AF78607868FFF7CEFF0346002B05DD77
:100A00007B685B680121184606F016FA00BF0837BC
:100A1000BD4680BD80B58AB000AF786039600123E3
:100A2000FB6000233B6101237B6107F108037B62CC
:100A3000164B3B620023FB610AE03A6A531C3B629F
:100A40007B6A591C796212781A70FB690133FB6169
:100A5000FB69032BF1DD07F10803184606F022F9C4
:100A6000B861BB69002B01DABB690AE07B68BA692F
:100A70005A607B684FF0FF321A607B683A689A6070
:100A8000002318462837BD4680BD00BFC0FB0000CC
:100A900080B582B000AF78607B685B68002B04DDB6
:100AA0007B685B68184606F077F97B6800225A601D
:100AB00000BF0837BD4680BD80B584B000AF786008
:100AC0000BF09CFAF8607B681B685A1C7B681A6004
:100AD000F8680BF07BFA00BF1037BD4680BD80B5CB
:100AE00084B000AF78600BF089FAF8607B681B680F
:100AF0005A1E7B681A60F8680BF068FA00BF10375E
:100B0000BD4680BD80B586B000AF786039600122F7
:100B10003B6802FA03F37B610BF070FA38617B6883
:100B20001B687A691340FB607B681A687B691A430B
:100B30007B681A6038690BF049FAFB681846183769
:100B4000BD4680BD80B584B000AF786039600BF0E1
:100B500055FAF8607B681A6801213B6801FA03F3D3
:100B6000DB431A407B681A60F8680BF02FFA00BF6D
:100B70001037BD4680BD80B58AB002AFF860B9605D
:100B80007A600122BB6802FA03F3BB61FB6804339D
:100B90001846FFF791FFFB68B9681846FFF7B2FFE8
:100BA0000346002B02D10023FB6110E0FB6898682C
:100BB00007F114027B68009313462122B96902F001
:100BC000DFFBF861FB69002B00DBE4E700BFFB689B
:100BD00004331846FFF783FFFB6918462037BD46EC
:100BE00080BD80B582B000AF786039604FF0FF32D1
:100BF00039687868FFF7BFFF034618460837BD46D7
:100C000080BD80B584B000AF7860396001223B6858
:100C100002FA03F3BB607B6839681846FFF792FF5E
:100C20007B685B68002B07D07B689B68B9681846B7
:100C300002F0BAFAF86001E00023FB60FB68184696
:100C40001037BD4680BD80B58AB000AF786039608E
:100C500009233B6100237B6107F10C037B62174B87
:100C60003B620023FB610AE03A6A531C3B627B6AE9
:100C7000591C796212781A70FB690133FB61FB69B8
:100C8000032BF1DD07F10C03184602F0DDF9B86122
:100C90007B68BA699A60BB69002B01DABB6909E01D
:100CA0007B6800225A607B6800221A607B683A6881
:100CB000DA60002318462837BD4680BDC8FB000017
:100CC00080B584B000AF78607B689B68002B02DC45
:100CD0006FF010030EE07B689B68184602F014FA70
:100CE000F860FB68002B01DAFB6803E07B680022F8
:100CF0009A60002318461037BD4680BD80B582B08B
:100D000000AF78607B68184603F0B4FA03461846D3
:100D10000837BD4680BD80B582B000AF78603960CD
:100D20007B683A681146184603F0FAFA03461846FB
:100D30000837BD4680BD80B582B000AF78603960AD
:100D40003B681946786803F008FB034618460837E5
:100D5000BD4680BD80B582B000AF7860786803F092
:100D600030FB00BF0837BD4680BD80B400AF002314
:100D70001846BD4680BC7047F0B484B000AFF86040
:100D8000B9607A60FC68BB68DDB27B68072B12DC57
:100D900003E023465C1C2A461A707B685A1E7A6060
:100DA000002BF6DCFB682EE07B68013B7B60234672
:100DB0005C1C2A461A70234603F00303002BF3D170
:100DC00026462A4613461B021A442B461B041A4386
:100DD0002B461B0642EA030405E033461E1D1C6039
:100DE0007B68043B7B607B68032BF6DC344606E0C3
:100DF00023465C1C2A461A707B68013B7B607B683B
:100E0000002BF5D1FB6818461037BD46F0BC704783
:100E1000B0B485B000AFF860B9607A60FC68BD68B6
:100E200005E02A46551C23465C1C12781A707B6824
:100E30005A1E7A60002BF4DCFB6818461437BD4656
:100E4000B0BC704790B482B000AF78607C6800E0BE
:100E500001342378002BFBD17B68E31A184608374E
:100E6000BD4690BC704790B482B000AF78603960E6
:100E70007C6823465C1C3A6812781A703B685A1CDE
:100E80003A601B78002BF4D17B6818460837BD46C2
:100E900090BC704790B484B000AFF860B9607A60DD
:100EA000FC687B685A1E7A60002B01DCFB6815E049
:100EB00023465C1CBA6812781A70BB685A1CBA6068
:100EC0001B78002BEDD103E023465C1C00221A7036
:100ED0007B685A1E7A60002BF6DCFB6818461037D8
:100EE000BD4690BC704790B482B000AF7860396066
:100EF0000DE07B685A1C7A601B7819463B685A1CC7
:100F00003A601B78CC1A002C01D0234609E07B689C
:100F10001B78002BEDD17B681B781A463B681B7849
:100F2000D31A18460837BD4690BC704790B482B0BB
:100F300000AF786039607C6800E001342378002BD2
:100F4000FBD106E03B685A1C3A602246541C1B78D1
:100F500013703B681B78002BF4D1002323707B684F
:100F600018460837BD4690BC7047000080B400AFFB
:100F7000054B1B68002BCCBF01230023DBB21846B6
:100F8000BD4680BC704700BF1026002080B500AF72
:100F90000BF028F80346002B08D1FFF7E7FF0346C4
:100FA000002B03D1064B1B68002B02D16FF01803F6
:100FB00003E0044B02221A600023184680BD00BFE4
:100FC000381400203414002080B500AF0BF00AF86C
:100FD0000346002B08D1FFF7C9FF0346002B03D1BE
:100FE0000A4B1B68002B02D16FF018030BE0084B73
:100FF00000221A60054B1A68064B1B689A4201D002
:101000000BF032FB0023184680BD00BF38140020CF
:10101000341400203C14002080B588B000AFF86084
:10102000B9607A603B600023FB61FFF79FFF0346D6
:10103000002B03D1304B1B68002B02D16FF018033B
:1010400056E0FFF793FF0346002B09D12A4B1B689C
:10105000002B05D0FB68002B02D16FF0280347E07E
:10106000FB68002B02DDFB68202B02DD6FF0110313
:101070003EE0FFF77BFF0346002B0CD11E4B1B68A5
:10108000002B08D01C4B1B689B68FA689A4202D15F
:101090006FF028032CE0FB68013B682202FB03F39E
:1010A000164A1344BB610AF0A9FF7861BB6993F843
:1010B0002730002B03D16FF02903FB6105E03B686B
:1010C0007A68B968B8690BF071F97B69002B0BD1AC
:1010D000094B1A680A4B1B689A4205D0094B1B68DA
:1010E000002B01D10BF0C0FA78690AF06FFFFB69A1
:1010F00018462037BD4680BD38140020501500200A
:101100003C1400203414002080B588B000AFF86093
:10111000B9607A603B600023FB61FFF727FF03465D
:10112000002B03D1304B1B68002B02D16FF018034A
:1011300056E0FFF71BFF0346002B09D12A4B1B6823
:10114000002B05D0FB68002B02D16FF0280347E08D
:10115000FB68002B02DDFB68202B02DD6FF0110322
:101160003EE0FFF703FF0346002B0CD11E4B1B682C
:10117000002B08D01C4B1B689B68FA689A4202D16E
:101180006FF028032CE0FB68013B682202FB03F3AD
:10119000164A1344BB610AF031FF7861BB6993F8CA
:1011A0002730002B03D16FF02903FB6105E03B687A
:1011B0007A68B968B8690BF05DF97B69002B0BD1CF
:1011C000094B1A680A4B1B689A4205D0094B1B68E9
:1011D000002B01D10BF048FA78690AF0F7FEFB69A1
:1011E00018462037BD4680BD381400205015002019
:1011F0003C1400203414002080B588B000AFF860A3
:10120000B9607A600023FB61FFF7B0FE0346002B54
:1012100003D13A4B1B68002B02D16FF0180369E031
:10122000FFF7A4FE0346002B09D1344B1B68002BAB
:1012300005D0FB68002B02D16FF028035AE0FB6851
:10124000002B02DDFB68202B02DD6FF0110351E063
:10125000FFF78CFE0346002B0CD1284B1B68002B9C
:1012600008D0264B1B689B68FA689A4202D16FF03F
:1012700028033FE0FB68013B682202FB03F3204A9E
:101280001344BB61BB68002B0CDBBB68002B09DC83
:10129000BB691A694FF48051BB6801FA03F313402C
:1012A000002B02D16FF0100324E00AF0A7FE786152
:1012B000BB6993F82730002B03D16FF02903FB6142
:1012C00005E07A68B968B8690BF03DF9F8617B69A7
:1012D000002B0BD1094B1A680A4B1B689A4205D0A8
:1012E000094B1B68002B01D10BF0BEF978690AF09D
:1012F0006DFEFB6918462037BD4680BD38140020BE
:10130000501500203C1400203414002080B588B013
:1013100000AFF860B9607A600023FB61FFF726FE3A
:101320000346002B03D13A4B1B68002B02D16FF010
:10133000180369E0FFF71AFE0346002B09D1344B6E
:101340001B68002B05D0FB68002B02D16FF028032F
:101350005AE0FB68002B02DDFB68202B02DD6FF0FA
:10136000110351E0FFF702FE0346002B0CD1284B7E
:101370001B68002B08D0264B1B689B68FA689A42B2
:1013800002D16FF028033FE0FB68013B682202FBBB
:1013900003F3204A1344BB61BB68002B0CDBBB6822
:1013A000002B09DCBB691A694FF48051BB6801FA54
:1013B00003F31340002B02D16FF0100324E00AF076
:1013C0001DFE7861BB6993F82730002B03D16FF0C5
:1013D0002903FB6105E07A68B968B8690BF0F0F899
:1013E000F8617B69002B0BD1094B1A680A4B1B680B
:1013F0009A4205D0094B1B68002B01D10BF034F940
:1014000078690AF0E3FDFB6918462037BD4680BDC8
:1014100038140020501500203C1400203414002003
:1014200080B483B000AF78607B687A681A607B68AC
:101430007A685A6000BF0C37BD4680BC704780B4E4
:1014400083B000AF78607B681B687A689A420CBFF3
:1014500001230023DBB218460C37BD4680BC704721
:1014600080B483B000AF786039603B685A687B68AD
:101470005A607B683A681A603B685B687A681A60F1
:101480003B687A685A6000BF0C37BD4680BC704725
:1014900080B483B000AF78607B681B687A689A423A
:1014A00009D07B685B687A6812681A607B681B6881
:1014B0007A6852685A6000BF0C37BD4680BC7047DE
:1014C00080B485B000AF78607B681B687A689A4208
:1014D00001D100230BE07B681B68FB60FB681A6886
:1014E0007B681A60FB681B687A685A60FB6818465C
:1014F0001437BD4680BC704780B483B000AF7860BD
:101500007B681B127B607B68002B02DD7B68082BED
:1015100002DD6FF0110300E0002318460C37BD46D2
:1015200080BC704780B584B000AF7860114B1B68F9
:10153000FB6015E0FB68BB60BB681A7A7B681B78B0
:101540009A420AD1BB68083379681846FFF7CBFC8A
:101550000346002B01D1BB6807E0FB681B68FB60FA
:10156000FB68044A9342E5D1002318461037BD4674
:1015700080BD00BFBC03002080B584B000AF7860A0
:101580000F48FFF79DFFF860FB68002B01D1002397
:1015900011E0FB680833092279681846FFF77AFCE6
:1015A000FB6840331846FFF73BFFFB6805491846C8
:1015B000FFF756FFFB6818461037BD4680BD00BFD9
:1015C000C4030020BC03002080B582B000AF786067
:1015D0007B681846FFF75CFF7B6805491846FFF7F4
:1015E0003FFF7B6800221A7200BF0837BD4680BDEE
:1015F000C4030020B0B588B000AFF860B9607A606D
:1016000001214F48FFF7EDFAF868FFF71BFCB861BE
:10161000BB69002B02D0BB69082B03DD6FF0100300
:101620007B6184E0BB68002B27D0BB68DB68002BA4
:1016300003DBBB68DB68FF2B03DD6FF010037B610E
:1016400075E0BB68DB68002B02DDBB690133BB6161
:10165000BB68DB680A2B02DDBB690133BB61BB6879
:10166000DB68642B02DDBB690133BB61BB69082BFE
:1016700003DD6FF010037B6159E000213048FFF774
:10168000B0FAF868FFF74EFFF861FB69002B11D143
:10169000BB68002B03D16FF029037B6143E0F8683E
:1016A000FFF76AFFF861FB69002B03D16FF021039C
:1016B0007B6138E0BB68002B14D0FB69BA6803F18A
:1016C000140415460FCD0FC40FCD0FC495E80700C5
:1016D00084E807007B68002B13D07B68194A1268E6
:1016E0001A600EE0FB6940331846FFF7A8FE034678
:1016F000002B03D16FF040037B6114E0F869FFF722
:1017000063FF00210E48FFF77CFA01210C48FFF728
:1017100078FAFB690C4A9B1ADB100C4A02FB03F3B4
:1017200001331B0208E000210548FFF76AFA012196
:101730000348FFF766FA7B6918462037BD46B0BDFF
:1017400068010020780100207C010020398EE338F8
:1017500080B582B000AF786000210848FFF741FAF9
:101760007B68074A12681A6000210448FFF749FAAB
:10177000002318460837BD4680BD00BF6801002021
:101780007801002080B485B000AF786039600DE04A
:10179000FB7A2F2B02D9FB7A392B0ED97B685A1C86
:1017A0007A60FA7A1A703B6801333B603B681B78B9
:1017B000FB72FB7A002BEBD100E000BF7B680022BC
:1017C0001A700023FB60FB7A002B16D00CE0FA683D
:1017D00013469B0013445B001A46FB7A303B1344CC
:1017E000FB603B6801333B603B681B78FB72FB7A14
:1017F000002BECD1FB680133FB60FB681846143703
:10180000BD4680BC704780B588B000AFF860B96055
:101810007A60B968F868FFF726FB7B68002B34DD37
:1018200007F110030B33FB61FB6900221A7002E021
:10183000FB680133FB60FB681B78002BF8D17B68E9
:10184000013B7B607A68134B83FB02139910D3171B
:10185000C91A0B469B000B445B00D11ACBB2FA6944
:10186000013AFA613033DAB2FB691A707B68094ACF
:1018700082FB03129210DB17D31A7B607B68002B6C
:10188000E0D1F969F868FFF751FB00BF2037BD468A
:1018900080BD00BF6766666680B584B000AF7860C3
:1018A00039607868FFF728FEF860FB68002B37DBAB
:1018B00000211E48FFF795F97B681B121A46134654
:1018C000DB001344DB00483B194A1344BB60BB6890
:1018D0001B7A002B05D07B68DAB2BB681B6A9A4280
:1018E00008DD6FF02903FB6000BF00210F48FFF700
:1018F00088F916E0BB6808337A68D2B219463868AE
:10190000FFF781FF00210948FFF77BF9BB68084A10
:101910009B1ADB10074A02FB03F301331B0201E0B1
:1019200000BFFB6818461037BD4680BD6801002027
:101930007C010020398EE33880B588B000AF786034
:10194000396007F1080379681846FFF71BFFF86153
:1019500000212048FFF745F907F108031846FFF773
:10196000E1FDB861BB69002B04D0BB691B6AFA6951
:101970009A4209DD6FF029037B6100BF0021154801
:10198000FFF73FF97B6920E03B68002B0ED0BB6975
:10199000DA693B681A60BB695A6A3B685A60BB697E
:1019A0001A6A3B689A603B68FA69DA600021094864
:1019B000FFF727F9BB69084A9B1ADB10074A02FBAD
:1019C00003F301331A02FB69134418462037BD465E
:1019D00080BD00BF680100207C010020398EE33803
:1019E00080B586B000AF7860396000211F48FFF7EE
:1019F000F8F807F108031A460021786800F022FA87
:101A000078617B69002B27DBBB685B693B61BB6846
:101A10009B69FB603B68002B0ED03B69DA693B6831
:101A20001A603B695A6A3B685A603B691A6A3B68AC
:101A30009A603B68FA68DA6000210C48FFF7E1F829
:101A40003B690B4A9B1ADB100A4A02FB03F3013382
:101A50001A02FB68134405E000BF00210348FFF7AA
:101A6000D0F87B6918461837BD4680BD6801002054
:101A70007C010020398EE33880B58AB000AFF86071
:101A8000B9607A60BB68002B02DB7B68002B03DA4D
:101A90006FF01003FB6149E000212748FFF7A1F830
:101AA000BA687B681344BB6100233B62234B1B680D
:101AB0007B6227E03A6ABB689A421DDB3A6ABB69DF
:101AC0009A4219DA7B6A7B617B69DA69FB681A6082
:101AD0007B695A6AFB685A607B691A6AFB689A607C
:101AE000FB6803F10C007B69083308221946FFF7F5
:101AF000D1F9FB681433FB603B6A01333B627B6ABC
:101B00001B687B627B6A0D4A9342D3D100210A484D
:101B1000FFF777F8BA683B6A9A4203DB6FF0290354
:101B2000FB6103E03A6ABB68D31A00E0FB69184620
:101B30002837BD4680BD00BF68010020BC030020DF
:101B400080B588B000AFF860B9607A60F868FFF7D8
:101B5000D3FCF861FB69002B56DBBB68002B03DA72
:101B60006FF01003FB6150E000212A48FFF739F8BD
:101B7000FB681B121A461346DB001344DB00483B8C
:101B8000254A1344BB61BB691B7A002B05D0FB6857
:101B9000DAB2BB691B6A9A4208DD6FF02903FB6168
:101BA00000BF00211B48FFF72CF82EE0BB69DB6B60
:101BB0007B61BB695B693B6100211648FFF721F837
:101BC0000AF01CFA154B1B68B3F9222092B20132BD
:101BD00092B212B25A8400200AF0F8F97B693A698D
:101BE0007968B8689847F8610AF008FA0B4B1B68E7
:101BF000B3F9222092B2013A92B212B25A84002072
:101C00000AF0E4F9FB6901E000BFFB6918462037E0
:101C1000BD4680BD680100207C01002038140020F2
:101C200080B582B000AF08233B600F48FFF7F8FB98
:101C30000E48FFF7F5FB0E4B7B600AE07B680B4913
:101C40001846FFF70DFC7B6800221A727B68483348
:101C50007B603B685A1E3A60002BEFDC002318467D
:101C60000837BD4680BD00BFBC030020C403002070
:101C70007C01002080B483B000AF00237B60044A65
:101C80007B6813607B6818460C37BD4680BC704784
:101C90007801002080B582B000AF16491648FEF7E3
:101CA000D2FF78607B68002B15DBFFF7B9FF786007
:101CB0007B68002B11DB01F0C7F878607B68002B94
:101CC0000DDBFFF7D7FF78607B68002B09DB01F0A5
:101CD00067F8002309E000BF04E000BF02E000BF96
:101CE00000E000BF00F015F87B6818460837BD46D5
:101CF00080BD00BFD0FB00006801002080B483B02D
:101D000000AF00237B607B6818460C37BD4680BC63
:101D1000704780B582B000AF01F058F8FFF7EEFFD2
:101D2000786001F0DBF878600348FEF7C9FF7B6854
:101D300018460837BD4680BD6801002080B483B0D6
:101D400000AF78607B687A681A607B687A685A604E
:101D500000BF0C37BD4680BC704780B483B000AF75
:101D600078607B681B687A689A420CBF0123002365
:101D7000DBB218460C37BD4680BC704780B483B0D8
:101D800000AF786039603B685A687B685A607B684E
:101D90003A681A603B685B687A681A603B687A68E0
:101DA0005A6000BF0C37BD4680BC704780B483B01A
:101DB00000AF78607B681B687A689A4209D07B68BC
:101DC0005B687A6812681A607B681B687A68526878
:101DD0005A6000BF0C37BD4680BC704780B485B0E8
:101DE00000AF78607B681B687A689A4201D1002353
:101DF0000BE07B681B68FB60FB681A687B681A60F5
:101E0000FB681B687A685A60FB6818461437BD4641
:101E100080BC704780B500AF00210848FEF7E1FEA6
:101E2000074B1B68002B02D10548FFF787FF0021F5
:101E30000248FEF7E6FE024B184680BD680100200E
:101E40001C0B002080B487B000AFF860B9607A60E6
:101E5000FB68002B02DDFB68102B02DD6FF0110325
:101E60001EE0FB6803F18063013B9B010F4A1344B2
:101E70007B617B691B69002B02D16FF011030FE0BE
:101E8000BB68002B08D07B69DA69BB681340002B64
:101E900002D16FF01A0303E07B687A691A600023AD
:101EA00018461C37BD4680BC704700BFCC030020DD
:101EB00080B582B000AF786039607B681846FFF764
:101EC00075FF7B6808331846FFF770FF3B68002BEF
:101ED00004D07B6805491846FFF750FF7B68002255
:101EE0001A6100BF0837BD4680BD00BFCC07002087
:101EF00080B582B000AF78607B681846FFF756FF68
:101F00007B6805491846FFF739FF7B6800229A6015
:101F100000BF0837BD4680BD140B002080B485B0DB
:101F200000AF786039607B681B6CFB6009E0FB6880
:101F30009B693A689A4201D1012308E0FB681B685B
:101F4000FB607B684033FA689A42F0D10023184660
:101F50001437BD4680BC704780B586B000AFF860CE
:101F6000B9607A603B601B48FFF738FF78617B6996
:101F7000002B01D1002328E07A69FB684033194621
:101F80001046FFF7FBFE7B6908333A681146184696
:101F9000FFF7F4FE7B69FA685A617B69BA689A6157
:101FA0007B697A68DA617B6920331846FFF7C6FEE1
:101FB0007B6900221A857B6900221A637B690022F3
:101FC0005A637B6900221A617B6918461837BD463F
:101FD00080BD00BFCC07002080B48BB000AFF8609C
:101FE000B9607A607B6803F00303002B02D16FF0C5
:101FF000100372E000237B617B69BB61BB69FB61FD
:10200000FB693B62FB681B6C7B6234E07B6A3B6173
:10201000BB68002B08D03B699B69002B04D03B694F
:102020009B69BA689A4223D13B69DB6903F00103DB
:10203000002B02D03B6A01333B623B69DB6903F052
:102040000203002B02D0FB690133FB613B69DB69B2
:1020500003F4A063002B02D0BB690133BB613B6971
:10206000DB6903F44073002B02D07B6901337B6191
:102070007B6A1B687B62FB6840337A6A9A42C5D1EF
:102080007B6803F4A063002B05D03B6A002B02DDC4
:102090006FF0400321E07B6803F44073002B05D010
:1020A000FB69002B02DD6FF0400316E07B6803F054
:1020B0000103002B05D0BB69002B02DD6FF040034C
:1020C0000BE07B6803F00203002B05D07B69002B3B
:1020D00002DD6FF0400300E0002318462C37BD46B8
:1020E00080BC704780B58EB000AF7860396007F172
:1020F0000C0379681846FFF745FBF862FFF78AFE84
:10210000B862BB6A002B03D16FF018033B63ABE0EE
:1021100000215848FEF765FD07F10C031846FFF74C
:1021200001FA78627B6A002B04D07B6A1B6AFA6A28
:102130009A4203DD6FF029033B6391E03A68F96A44
:10214000786AFFF749FF38633B6B002BC0F287804A
:102150007B6A9B6A7B637B6A5B693B62F96A786A2C
:10216000FFF7DCFE0346002B07D07B6A9B6903F078
:102170000103002B01D100237B63BB6A3A68F96A33
:10218000786AFFF7E9FEF861FB69002B03D16FF075
:1021900021033B6364E0384804F084FDB861BB6907
:1021A000002B03DA6FF004033B6353E0FB69BA6969
:1021B000DA6300212F48FEF724FD7B6B002B2ED025
:1021C00009F01CFF2D4B1B68B3F9222092B201329B
:1021D00092B212B25A84002009F0F8FE7B6A284AB3
:1021E0009B1ADB10274A02FB03F301331A02FB6A36
:1021F000D0187B6B3A6A39689847386309F0FEFE5D
:102200001E4B1B68B3F9222092B2013A92B212B26D
:102210005A84002009F0DAFE3B6B002B10DB002112
:102220001448FEF7DEFCFB6901221A610021114807
:10223000FEF7E7FCFB69144A9B1A9B11013314E07B
:1022400000BF00210B48FEF7CCFCFB69DB6B184696
:1022500004F0A2FD0121F869FFF72AFE00E000BFAB
:1022600000210448FEF7CDFC3B6B18463837BD46CD
:1022700080BD00BF68010020D8FB0000381400209A
:102280007C010020398EE338CC03002090B589B062
:1022900000AF786000217648FEF7A3FC7B685B699D
:1022A000BB61BB699B6B7B61BB695B6B3B61BB6962
:1022B0005B69FB6005F0C8FE02467B685A637B6879
:1022C00000229A637B681B6B002B2EDD7B68DB6A28
:1022D000103BBB6009F092FE664B1B68B3F92220ED
:1022E00092B2013292B212B25A84002009F06EFE0C
:1022F000BB68D8687B68D96A7B681A6B7C69FB68A5
:10230000A04709F07BFE5B4B1B68B3F9222092B219
:10231000013A92B212B25A84002009F057FE7B684B
:102320009B6B5A1C7B689A6342E07B681B6AFB616B
:1023300039E0FB69BB60BB68DB68002B2FD0BA6853
:10234000137F43F01003137709F058FE494B1B68C5
:10235000B3F9222092B2013292B212B25A84002012
:1023600009F034FEBB68D868BB6803F110017C69D2
:10237000FB680122A04709F041FE3E4B1B68B3F900
:10238000222092B2013A92B212B25A84002009F08D
:102390001DFE7B689B6B5A1C7B689A6300E000BF44
:1023A000FB691B68FB617B682033FA699A42C0D1E4
:1023B00000212F48FEF725FC7B689B6B002B07DD77
:1023C0007B68DB6B4FF0FF320121184604F00BFEF7
:1023D0007B6800225A6300212548FEF702FC37E0A3
:1023E0007B681B6ABB60BA68137F43F010031377E6
:1023F00000211F48FEF705FC09F000FE1D4B1B687D
:10240000B3F9222092B2013292B212B25A84002061
:1024100009F0DCFDBB6803F110003C69FB684FF07C
:10242000FF320121A04709F0E9FD124B1B68B3F907
:10243000222092B2013A92B212B25A84002009F0DC
:10244000C5FD00210A48FEF7CCFBB868FFF750FD38
:102450007B6820331846FFF780FC0346002BBFD073
:1024600000210348FEF7CDFB00BF2437BD4690BDD9
:10247000680100203814002080B588B000AF786073
:1024800039600023BB617868FFF700FF00213948FD
:10249000FEF7A7FB7B685B697B617B689B693B619F
:1024A0007B69DB6AFB617B695B69FB607B69324A44
:1024B0009B1ADB10314A02FB03F301331B023A691A
:1024C0001344BB607B68DB6B184604F065FC00219D
:1024D0007868FFF7EDFC39697869FFF71FFD03465F
:1024E000002B0BD03B6823F001033B607B699B69A9
:1024F00003F00103002B01D10023FB6100211D48E3
:10250000FEF77FFBFB69002B21D009F077FD1C4B08
:102510001B68B3F9222092B2013292B212B25A84ED
:10252000002009F053FDFB69FA683968B8689847DC
:10253000B86109F063FD124B1B68B3F9222092B217
:10254000013A92B212B25A84002009F03FFD0021F4
:102550000848FEF746FB7B680A491846FFF70EFC61
:1025600000210448FEF74DFBBB6918462037BD46E5
:1025700080BD00BF680100207C010020398EE33857
:1025800038140020CC07002080B584B000AF7860FC
:10259000396000211248FEF724FB07F108031A46B0
:1025A00000217868FFF74EFCF860FB68002B04DA26
:1025B00000210B48FEF725FB0CE0BB6800221A61E6
:1025C00000210748FEF71DFBBB6839681846FFF776
:1025D00053FFF860FB6818461037BD4680BD00BF4A
:1025E0006801002080B584B000AF78600B48FFF729
:1025F000F5FBF860FB68002B01D100230AE0FA68C4
:102600007B68203319461046FFF7B8FBFB687A68F1
:102610009A60FB6818461037BD4680BD140B002039
:1026200080B58CB000AFF860B9607A603B60002183
:102630006648FEF7D6FABB6813F5803F06DCBB6838
:10264000B3F1004F02D00023FB6207E0FB6B012BCC
:1026500002D10123FB6201E00223FB6207F11403B4
:102660001A46F96AF868FFF7EDFBB862BB6A002BFF
:10267000C0F2A1807B695B697B627B6A1B6B3B62FA
:102680007B6A5B69FB617B691846FFF7ABFFB8614A
:10269000BB69002B03D16FF02103BB628CE0BB69E7
:1026A00000221A61BB6900225A617B6A484A9B1A60
:1026B000DB10484A02FB03F301331A027B699B6972
:1026C0001A44BB699A61FB6B1B015BB21B1159B2C7
:1026D000BA69137F61F303031377BA69137F23F099
:1026E00010031377BB69BA681A62BB693A685A6209
:1026F000BB697A689A62BB690022DA62BB69002210
:102700001A6305F0A1FC0246BB69DA6000212F487C
:10271000FEF777FA09F072FC2F4B1B68B3F9222001
:1027200092B2013292B212B25A84002009F04EFCE9
:10273000BB6903F110003B6AFA69B96B9847B8624C
:1027400009F05CFC244B1B68B3F9222092B2013AD9
:1027500092B212B25A84002009F038FC00211B48C2
:10276000FEF73FFABB690022DA607B695B6B002BE6
:102770000CDD7B699A6B013A9A639B6B002B05D148
:102780007B69DB6B0121184604F056FBBB6A002B0A
:102790000CDB00210D48FEF734FABB690F4A9B1A87
:1027A0009B100F4A02FB03F301330AE000BFB86934
:1027B000FFF79EFB00E000BF00210448FEF721FA6E
:1027C000BB6A18463037BD4680BD00BF6801002097
:1027D0007C010020398EE33838140020D407002013
:1027E000C54EECC480B588B002AFF860B9607A60BD
:1027F0003B60012301933B6A00933B687A68B968A8
:10280000F868FFF70DFF78617B6918461837BD46F9
:1028100080BD80B588B002AFF860B9607A603B6077
:102820004FF0FF3300933B687A68B968F868FFF7A8
:10283000D9FF78617B69002B0FDB07F110034FF0A4
:10284000FF3200923A6A7969F86800F075F87861A9
:102850007B69002B03DB3B6903E000BF00E000BFA6
:102860007B6918461837BD4680BD80B588B002AF79
:10287000F860B9607A603B60022301933B6A009381
:102880003B687A68B968F868FFF7CAFE78617B69C7
:1028900018461837BD4680BD80B588B002AFF860D5
:1028A000B9607A603B604FF0FF3300933B687A6811
:1028B000B968F868FFF7D9FF78617B69002B0FDBF7
:1028C00007F110034FF0FF3200923A6A7969F86815
:1028D00000F032F878617B69002B03DB3B6903E091
:1028E00000BF00E000BF7B6918461837BD4680BDB9
:1028F00080B485B000AF786039607B68002B02DD62
:102900007B68102B01DD00230FE07B68342202FB83
:1029100003F3343B074A1344FB60FB689B683A6847
:102920009A4201D0002300E0FB6818461437BD46E8
:1029300080BC7047D407002090B58FB000AFF8601E
:10294000B9607A603B6005F07FFB386200218E48F9
:10295000FEF747F907F110031A460021F868FFF760
:1029600071FA78627B6A002BC0F202813B695B6975
:10297000FB61FB695B6BBB61FB695B697B61BB688E
:10298000002B42D13B691B6B002B03DC3B691B8D89
:10299000002B03D06FF028037B62ECE03B6920330F
:1029A0001846FFF7DAF90346002B03D06FF029032E
:1029B0007B62E0E03B691B6A7B630123BB627B6B4C
:1029C0003A6ADA607B6B10333B637B6B1B687B631B
:1029D0003B6920337A6B9A4208D07B6B03F110027B
:1029E0003B6B1A60BB6A0133BB62E8E700BF3B6B1D
:1029F00000221A603B691B6A10333B633B693A6BE8
:102A0000DA623B69BA6A1A6328E03B691946B8681A
:102A1000FFF76EFF78637B6B002B03D16FF0110320
:102A20007B62A8E03B691B6B002B03DC7B6BDB68E4
:102A3000002B03DD6FF028037B629CE07B6B3A6A1E
:102A4000DA607B6B10333B633B6B00221A6001231F
:102A5000BB623B691A8D013292B21A8500214A4845
:102A6000FEF7CFF809F0CAFA484B1B68B3F92220E9
:102A700092B2013292B212B25A84002009F0A6FA40
:102A8000BC697B69BA6CB96A386BA047F86209F017
:102A9000B5FA3E4B1B68B3F9222092B2013A92B2CA
:102AA00012B25A84002009F091FAFB6A002B01DA75
:102AB000FB6A7B62FA6ABB6A9A4202DB6FF004032C
:102AC0007B6200213048FEF78CF8BB68002B03D1F5
:102AD0003B6900221A6304E03B691A8D013A92B205
:102AE0001A853B695B6B002B2CDD3B699A6B013AC5
:102AF0009A639B6B002B25D13B69DB6B0121184648
:102B000004F09AF91EE03B6B103B7B63FB6A5A1E94
:102B1000FA62002B10D17B6B1D4A9B1A9B101D4A39
:102B200002FB03F30133BB603B6BDA697B681A601D
:102B30003B6B1A6A3B681A607B6B0022DA603B6B66
:102B40001B683B633B6B002BDDD17B6A002B11DBE9
:102B5000BB68342202FB03F3343B0D4A134418468E
:102B6000FFF7C6F900210848FEF74BF8BB6807E0FD
:102B700000BF00E000BF00210348FEF742F87B6A77
:102B800018463C37BD4690BD68010020381400202F
:102B9000D4070020C54EECC480B588B000AF786083
:102BA00039600023BB61244B1B68FB613AE0FB6981
:102BB0007B617B69DB6903F0F003102B0CBF012301
:102BC0000023DBB23B613A683B699A4226D17B69BC
:102BD000DB6BFB6009F012FA184B1B68B3F922207B
:102BE00092B2013292B212B25A84002009F0EEF988
:102BF0007B695A69FB68002178689847B86109F0D9
:102C0000FDF90E4B1B68B3F9222092B2013A92B241
:102C100012B25A84002009F0D9F900E000BFFB6924
:102C20001B68FB61FB69044A9342C0D1BB6918462B
:102C30002037BD4680BD00BFBC03002038140020F3
:102C400080B582B000AF01211548FDF7CAFF002111
:102C50004FF0FF30FFF7A0FF786001214FF0FF3009
:102C6000FFF79AFF786000210D48FDF7BAFF0021B9
:102C70000B48FDF7C6FF01216FF00100FFF78CFF45
:102C8000786000216FF00100FFF786FF7860012176
:102C90000348FDF7B6FF7B6818460837BD4680BD80
:102CA0006801002080B586B000AF786000237B61AA
:102CB000FFF7B0F8F860FB68002B03D16FF0180342
:102CC0003B6164E000213448FDF78BFF7B6803F033
:102CD0000F03042B42D0042B3CD8032B2BD0032B07
:102CE00038D8012B02D0022B10D033E02B4B1B68BD
:102CF000002B08DD7B6803F40043002B03D16FF049
:102D000040033B613DE001237B612AE0234B1B68CC
:102D10006FF00042934203D16FF02A033B6130E031
:102D20001E4B1B6801331D4A1360FB689B685A1CCD
:102D3000FB689A6015E0FB689B68002B10DDFB6860
:102D40009B685A1EFB689A60144B1B68013B134A30
:102D5000136005E06FF010033B6112E000BF00E07C
:102D600000BF00210C48FDF74CFF7B69002B05D00C
:102D7000FFF766FF38613B69002B07DB074B1B68D9
:102D800006E000210448FDF73CFF00E000BF3B697E
:102D900018461837BD4680BD680100200026002077
:102DA00080B500AF00210748FDF71BFF0648FEF77E
:102DB000C5FF054B00229A6000210248FDF721FF64
:102DC00000BF80BD680100201C0B002080B582B0D0
:102DD00000AF1A4B1B68002B2CD000211848FDF7C0
:102DE00000FF184B1A68154B9B68D31A154A1360DD
:102DF000124B00229A6012E0104B1B68083B7B606C
:102E00007B6800221A6100210D48FDF7FAFE0021BF
:102E10007868FFF731FB00210948FDF7E2FE07481B
:102E2000FEF79BFF0346002BE6D000210448FDF788
:102E3000E8FE00E000BF0837BD4680BD1C0B002047
:102E4000680100200026002080B582B000AF1F4836
:102E5000FEF774FF00237B6011E01D4A7B689B0135
:102E60001344103300221A607B689B01184A1344F4
:102E700016491846FEF782FF7B6801337B607B684A
:102E80000F2BEADD1348FEF759FF00237B6015E0A6
:102E9000114A7B68342101FB03F3134408330022F9
:102EA0001A607B68342202FB03F30B4A134409497E
:102EB0001846FEF763FF7B6801337B607B680F2B4E
:102EC000E6DD002318460837BD4680BDCC0700204C
:102ED000CC030020140B0020D407002080B400AFE6
:102EE00000231846BD4680BC704700BF80B483B045
:102EF00000AF78607B687A681A607B687A685A608D
:102F000000BF0C37BD4680BC704780B483B000AFB3
:102F100078607B681B687A689A420CBF01230023A3
:102F2000DBB218460C37BD4680BC704780B483B016
:102F300000AF786039603B685A687B685A607B688C
:102F40003A681A603B685B687A681A603B687A681E
:102F50005A6000BF0C37BD4680BC704780B485B056
:102F600000AF78607B681B687A689A4201D10023C1
:102F70000BE07B681B68FB60FB681A687B681A6063
:102F8000FB681B687A685A60FB6818461437BD46B0
:102F900080BC704780B400AF054B1B68002BCCBFD2
:102FA00001230023DBB21846BD4680BC704700BF3A
:102FB0001026002080B485B000AFF860B9607A6058
:102FC0007B6803F00103002B09D0FB685A69BB68DA
:102FD0001340002B14BF01230023DBB209E0FB6880
:102FE0005A69BB681340BA689A420CBF0123002398
:102FF000DBB218461437BD4680BC704780B582B03E
:1030000000AF0E48FFF772FF0D4B3B600D4B7B602E
:103010000AE07B6800229A607B6808491846FFF73F
:1030200085FF7B6818337B607A683B689A42F0D3EF
:10303000002318460837BD4680BD00BFA80C0020FD
:10304000A80C0020280B002080B588B000AF786065
:103050000923BB617B685A68BB69DB431340002BC3
:1030600002D06FF00A033EE008F0C8FF7861204804
:10307000FFF774FF38613B69002B03D16FF0210328
:10308000FB611DE03B691B4A9B1ADB101A4A02FBDD
:1030900003F30133FB603B691846FFF727FF3B69E9
:1030A000FA689A607B681A683B69DA607B685A68DC
:1030B0003B691A617B689A683B695A61FB68FB61EE
:1030C0007B69002B0BD10D4B1A680D4B1B689A4284
:1030D00005D00C4B1B68002B01D109F0C5FA7869AB
:1030E00008F074FFFB6918462037BD4680BD00BF5D
:1030F000A80C0020280B0020ABAAAAAA3814002094
:103100003C1400203414002080B586B000AF7860F5
:1031100000237B617B68002B02DD7B68102B02DDC6
:103120006FF0110332E07B685A1E13465B001344B4
:10313000DB00184A13443B6108F060FFF8603B690C
:103140009B68002B03D16FF029037B610BE03B6987
:10315000184606F0FBFE3B690F491846FFF7E6FEEE
:103160003B6900229A60FB68002B0BD10B4B1A685D
:103170000B4B1B689A4205D00A4B1B68002B01D1F0
:1031800009F072FAF86808F021FF7B6918461837D1
:10319000BD4680BD280B0020A80C0020381400205C
:1031A0003C1400203414002080B58AB000AF786051
:1031B000396000233B627B68002B02DD7B68102BAB
:1031C00002DD6FF011036AE07B685A1E13465B0054
:1031D0001344DB00344A1344FB6108F00FFFB8616D
:1031E000FB699B68002B03D16FF029033B6243E02E
:1031F000FB695A693B681A43FB695A61FB691B68A2
:103200007B6233E07B6A7B617B6A1B687B627B69E4
:103210001B6C3B617B695B6CFB60FA683969F86920
:10322000FFF7C8FE0346002B20D07B699B6CFA6930
:1032300052691A60786906F0D3FDFB6803F0200339
:10324000002B0AD0FB695A693B69DB431A40FB69D2
:103250005A61FB695B69002B0DD0FB6803F010031A
:10326000002B03D0FB6900225A6105E0FB697A6AF2
:103270009A42C7D100E000BFBB69002B0BD10B4BBA
:103280001A680B4B1B689A4205D00A4B1B68002B2F
:1032900001D109F0E9F9B86908F098FE3B6A1846CF
:1032A0002837BD4680BD00BF280B00203814002001
:1032B0003C1400203414002080B586B000AF786044
:1032C000396000237B617B68002B02DD7B68102B5B
:1032D00002DD6FF011032CE07B685A1E13465B0081
:1032E0001344DB00154A13443B6108F087FEF86085
:1032F0003B699B68002B03D16FF029037B6105E0DC
:103300003B695A693B681A403B695A61FB68002B6C
:103310000BD10B4B1A680B4B1B689A4205D00A4B1A
:103320001B68002B01D109F09FF9F86808F04EFEE8
:103330007B6918461837BD4680BD00BF280B0020AA
:10334000381400203C1400203414002080B584B0D0
:1033500000AF786039607B681B6B5A1E13465B00B8
:103360001344DB00054A1344FB607968F86806F0F3
:1033700051FE00BF1037BD4680BD00BF280B0020A6
:1033800080B588B000AFF860B9607A603B60002318
:103390007B61FB68002B02DDFB68102B02DD6FF008
:1033A0001103A3E0BB68002B02D16FF010039DE076
:1033B0007B6823F03103002B02D06FF0100395E0FF
:1033C000BB6AB3F1FF3F02DA6FF010038EE0494BA6
:1033D0001B68002B0DD1FFF7DDFD0346002B08D144
:1033E000454B1B68002B04D008F0FCFD0346002B66
:1033F00002D06FF0180379E0FB685A1E13465B0099
:103400001344DB003D4A1344FB6108F0F7FDB8614B
:10341000FB699B68002B03D16FF029037B6152E0AD
:10342000FB691B6903F00803002B0AD1FB691846EE
:10343000FFF76BFD0346002B03D16FF028037B6180
:1034400041E07A68B968F869FFF7B4FD0346002BDC
:1034500018D0FB695A693B681A607B6803F0200347
:10346000002B06D0FB695A69BB68DB431A40FB6935
:103470005A617B6803F01003002B24D0FB69002203
:103480005A6120E0FB691B6903F00103002B01D0A6
:103490001B4A00E01B4A184B1B68DA62164B1B687C
:1034A00007F11402DA63144B1B68BA681A64124BF2
:1034B0001B687A685A64104B1B683A689A64B96A48
:1034C000F86906F071FDBB69002B0BD10A4B1A6835
:1034D0000D4B1B689A4205D0064B1B68002B01D18F
:1034E00009F0C2F8B86908F071FD7B691846203709
:1034F000BD4680BD3414002038140020280B002065
:10350000F4FB0000E8FB00003C14002080B586B00E
:1035100000AF7860396000237B617B68002B02DD9F
:103520007B68102B02DD6FF0110335E07B685A1EBB
:1035300013465B001344DB00194A13443B6108F057
:103540005DFDF8603B699B68002B03D16FF0290398
:103550007B610EE03B69DA683B681A603B6918469C
:1035600006F00FFD02463B685A603B695A693B68AA
:103570009A60FB68002B0BD10A4B1A680A4B1B6838
:103580009A4205D0094B1B68002B01D109F06CF859
:10359000F86808F01BFD7B6918461837BD4680BDEA
:1035A000280B0020381400203C1400203414002084
:1035B00080B586B000AF786039607B682F2B02D968
:1035C0006FF0100331E03B68002B0DD03B681B68A7
:1035D000012B02D96FF00A0327E03B681B687B616F
:1035E0003B685B683B6103E000237B6100233B6138
:1035F00008F004FDF8607B683A697969184609F0BB
:103600006BF9B860FB68002B0BD10A4B1A680A4BA8
:103610001B689A4205D0094B1B68002B01D109F0A9
:1036200023F8F86808F0D2FCBB6818461837BD4686
:1036300080BD00BF381400203C140020341400204A
:1036400080B500AF09F076F900BF80BD80B483B0CB
:1036500000AF78607B687A681A607B687A685A6025
:1036600000BF0C37BD4680BC704780B483B000AF4C
:1036700078607B681B687A689A420CBF012300233C
:10368000DBB218460C37BD4680BC704780B483B0AF
:1036900000AF786039603B685A687B685A607B6825
:1036A0003A681A603B685B687A681A603B687A68B7
:1036B0005A6000BF0C37BD4680BC704780B483B0F1
:1036C00000AF78607B681B687A689A4209D07B6893
:1036D0005B687A6812681A607B681B687A6852684F
:1036E0005A6000BF0C37BD4680BC704780B485B0BF
:1036F00000AF78607B681B687A689A4201D100232A
:103700000BE07B681B68FB60FB681A687B681A60CB
:10371000FB681B687A685A60FB6818461437BD4618
:1037200080BC704780B483B000AF786039600BE034
:1037300001223B689A407B681340002B01D03B6814
:1037400006E03B6801333B603B681F2BF0DD202324
:1037500018460C37BD4680BC704780B483B000AFBC
:1037600078607B68D3F80C31002B03D07B68D3F8EA
:103770000C3105E07B681B687A68DB0013445B68EA
:1037800018460C37BD4680BC704780B584B000AF8A
:10379000786039603B6893F82630FB6038687A6857
:1037A000FB68DB0013445B681946FFF76FFF7B681B
:1037B000D3F808210121FB6801FA03F31A437B685F
:1037C000C3F808213B6893F8283003F00203DBB20A
:1037D000002B03D07B683A68C3F80C217B681B6818
:1037E000FA689A4202DA7B68FA681A6000BF1037FA
:1037F000BD4680BD80B584B000AF786039603B685D
:1038000093F82630FB607B68D3F80C313A689A4213
:1038100003D17B680022C3F80C213B681846FFF7F0
:103820004DFF3B6893F8283003F00103DBB2002B17
:1038300007D03A6892F8283023F0010382F8283044
:1038400029E0FB68DB007A68134404331846FFF76D
:103850000CFF0346002B1BD07B68D3F80821012105
:10386000FB6801FA03F3DB431A407B68C3F80821C5
:103870007B681B68FA689A420CD17B68D3F80831E0
:10388000F9681846FFF74EFF02467B681A6002E0AF
:1038900000BF00E000BF1037BD4680BD80B584B0DA
:1038A00000AF786008F0AAFBB8602C4B1B6893F857
:1038B0002830C3F34003DBB2FB60FB68002B33D13D
:1038C0007B681B68002B13D17B681846FFF7BEFE90
:1038D0000123FB60214B1A6892F8283043F0020361
:1038E00082F828301D4B1B681D4AC2F80C311BE0C2
:1038F0001A4B1B6819461A48FFF77CFF174B1A68CA
:1039000092F8283043F0010382F82830134B1B68EB
:103910001A467B6819461046FFF7B8FE1048FFF7B5
:103920001CFF03460F4A1360BB68002B0BD10B4BE7
:103930001A680C4B1B689A4205D00B4B1B68002B76
:1039400001D108F091FEB86808F040FBFB68002B3D
:1039500000D1A7E700BF1037BD4680BD3814002056
:10396000401400203C1400203414002080B584B0A2
:1039700000AF786008F042FBF860234B1A6892F8B9
:10398000283023F0020382F82830204B0022C3F8AD
:103990000C217B681846FFF7A9FEB860BB68002BB6
:1039A00003D17B6800221A6011E0BA6892F82830CF
:1039B00023F0010382F82830BA6892F8283043F0E7
:1039C000020382F82830B9681048FFF7DEFE0F487E
:1039D000FFF7C3FE03460E4A1360FB68002B0BD1B2
:1039E000094B1A680A4B1B689A4205D0094B1B68A1
:1039F000002B01D108F038FEF86808F0E7FA00BFA4
:103A00001037BD4680BD00BF381400204014002090
:103A10003C1400203414002080B483B000AF7860E0
:103A20007B687A681A607B687A685A6000BF0C37D6
:103A3000BD4680BC704780B483B000AF78607B68BF
:103A40001B687A689A420CBF01230023DBB2184638
:103A50000C37BD4680BC704780B483B000AF78603F
:103A600039603B685A687B685A607B683A681A60BC
:103A70003B685B687A681A603B687A685A6000BF86
:103A80000C37BD4680BC704780B485B000AF78600D
:103A90007B681B687A689A4201D100230BE07B683F
:103AA0001B68FB60FB681A687B681A60FB681B6810
:103AB0007A685A60FB6818461437BD4680BC704768
:103AC00080B400AF054B1B68002BCCBF0123002343
:103AD000DBB21846BD4680BC704700BF10260020F0
:103AE00080B485B000AF786039603B68FB6007E068
:103AF000BB685A687B685B689A4208DCBB68FB60FD
:103B0000FB681B68BB60BB68002BF1D100E000BF05
:103B10007B68BA681A60FB687A681A6000BF14375D
:103B2000BD4680BC704780B582B000AF0D48FFF73E
:103B300073FF0D4B3B600D4B7B600AE07B680022FE
:103B40009A607B6807491846FFF786FF7B681C333D
:103B50007B607A683B689A42F0D3002318460837A6
:103B6000BD4680BD900D0020900D0020B00C0020BF
:103B700080B588B000AF78600323BB617B685A686A
:103B8000BB69DB431340002B02D06FF00A033DE01A
:103B900008F034FA78611F48FFF776FF38613B6917
:103BA000002B03D16FF02103FB611CE03B691A4A33
:103BB0009B1A9B10194A02FB03F30133FB603B691C
:103BC0001846FFF729FF3B69FA689A607B681A6814
:103BD0003B69DA607B685A683B691A613B6900227D
:103BE0005A61FB68FB617B69002B0BD10C4B1A6897
:103BF0000C4B1B689A4205D00B4B1B68002B01D164
:103C000008F032FD786908F0E1F9FB6918462037C1
:103C1000BD4680BD900D0020B00C0020B76DDBB616
:103C2000381400203C1400203414002080B586B0E5
:103C300000AF786000237B617B68002B02DD7B682E
:103C4000082B02DD6FF0110332E07B685A1E134629
:103C5000DB009B1A9B00184A13443B6108F0CEF925
:103C6000F8603B699B68002B03D16FF029037B61EF
:103C70000BE03B69184606F069F93B690F491846A5
:103C8000FFF7EAFE3B6900229A60FB68002B0BD12C
:103C90000B4B1A680B4B1B689A4205D00A4B1B68EA
:103CA000002B01D108F0E0FCF86808F08FF97B697F
:103CB00018461837BD4680BDB00C0020900D00207E
:103CC000381400203C1400203414002080B586B045
:103CD00000AF7860396000237B617B68002B02DDD8
:103CE0007B68082B02DD6FF0110365E07B685A1ECC
:103CF0001346DB009B1A9B00314A13443B6108F0DA
:103D00007DF9F8603B699B68002B03D16FF02903B4
:103D10007B613EE03B691B6903F00203002B07D087
:103D20003B685B68002B03DC6FF010037B6130E0C5
:103D30003B691846FFF77FFE0346002B0AD13B691B
:103D40001B68BB60BB681B6C3A681A60B86806F0F9
:103D500047F81EE03B691B6903F00203002B06D005
:103D60003B69143319463868FFF7BAFE11E03B6827
:103D700000221A603B695B69002B03D13B693A68FA
:103D80005A6103E03B699B693A681A603B693A688B
:103D90009A61FB68002B0BD10A4B1A680A4B1B680F
:103DA0009A4205D0094B1B68002B01D108F05CFC3E
:103DB000F86808F00BF97B6918461837BD4680BDD6
:103DC000B00C0020381400203C14002034140020D3
:103DD00080B584B000AF786039607B681B6B5A1E79
:103DE0001346DB009B1A9B00054A1344FB6079686D
:103DF000F86806F00FF900BF1037BD4680BD00BF60
:103E0000B00C002080B588B000AFF860B9607A606F
:103E100000237B61FB68002B02DDFB68082B02DDC1
:103E20006FF0110369E07B68B3F1FF3F02DA6FF0D6
:103E3000100362E0334B1B68002B0DD1FFF740FEEF
:103E40000346002B08D1304B1B68002B04D008F030
:103E5000C9F80346002B02D06FF018034DE0FB6851
:103E60005A1E1346DB009B1A9B00284A1344FB6131
:103E700008F0C4F8B861FB699B68002B03D16FF0B0
:103E800029037B6126E0FB695B69002B09D0FB6994
:103E90005A69BB681A60BB681B681A68FB695A617B
:103EA00018E0FB691B6903F00103002B01D0184ADD
:103EB00000E0184A144B1B68DA62134B1B6807F1C9
:103EC0001402DA63104B1B68BA681A647968F869DF
:103ED00006F06AF8BB69002B0BD10B4B1A680E4B2E
:103EE0001B689A4205D0074B1B68002B01D108F0D4
:103EF000BBFBB86908F06AF87B6918462037BD46F5
:103F000080BD00BF3414002038140020B00C002005
:103F10000CFC000000FC00003C14002080B586B0C2
:103F200000AF7860396000237B617B68002B02DD85
:103F30007B68082B02DD6FF0110335E07B685A1EA9
:103F40001346DB009B1A9B00194A13443B6108F09F
:103F500055F8F8603B699B68002B03D16FF029038B
:103F60007B610EE03B69DA683B681A603B69184682
:103F700006F007F802463B685A603B695A693B689D
:103F80009A60FB68002B0BD10A4B1A680A4B1B681E
:103F90009A4205D0094B1B68002B01D108F064FB45
:103FA000F86808F013F87B6918461837BD4680BDDD
:103FB000B00C0020381400203C14002034140020E1
:103FC00080B483B000AF78607B687A681A607B68E1
:103FD0007A685A6000BF0C37BD4680BC704780B419
:103FE00083B000AF786039603B685A687B685A607C
:103FF0007B683A681A603B685B687A681A603B685D
:104000007A685A6000BF0C37BD4680BC704780B4E8
:1040100083B000AF78607B681B687A689A4209D0E9
:104020007B685B687A6812681A607B681B687A68CC
:1040300052685A6000BF0C37BD4680BC704780B4E0
:1040400085B000AF786039607B680C33FB607B68BB
:104050001B68002B00DA03339B101A463B6893421F
:104060002BDD0023BB6010E0FB6808335B68BB609E
:10407000BA683B689A4208DCBA683B689A4202DA3E
:10408000FB681B6824E0FB6822E0FB685B68FB6060
:104090007B680C33FA689A42E6D1BA683B689A4268
:1040A00002DBFB681B6813E0FB6811E0FB68083368
:1040B0005B681A463B68934208DDFB681B68FB603F
:1040C0007B680C33FA689A42F0D100E000BFFB68CD
:1040D00018461437BD4680BC704780B584B000AF29
:1040E000786039603B681A683B680833D31AFB6014
:1040F000F9687868FFF7A3FFB8603B685B6823F056
:1041000001031A463B685A607B680C33BA689A42CE
:1041100027D0BB6808335B681A46FB68934220D1FE
:10412000BB6803F108023B68103312681A60BB6871
:1041300008333A6810321A603B681033BA680832A4
:104140005A603B6810331B68002B05D03B68103366
:104150001B683A6810325A603B68083300221A60C4
:104160000EE03B680833B9681846FFF738FF3B6834
:10417000103300221A603B681033FA685A6000BF9F
:1041800000BF1037BD4680BD80B582B000AF7860FB
:104190007B681B68002B15D17B6803F108027B68E4
:1041A00008335B6812681A607B6808331B68002B51
:1041B00020D07B6803F108027B6808331B685268D3
:1041C0005A6017E07B6808331B68002B0FD07B68B0
:1041D00008331B68083B79681846FFF700FF7B68C7
:1041E00003F108027B6808331B6852685A607868DC
:1041F000FFF70DFF00BF0837BD4680BD80B483B018
:1042000000AF786039603B687A685A607B681A68EA
:104210003B681A607B681B685B6803F001023B68BF
:104220001A437B681B685A607B683A681A6000BF53
:104230000C37BD4680BC704780B483B000AF786057
:104240007B685B6823F001031A467B681B68136078
:104250007B681B685B6803F001027B685B6823F086
:1042600001031A437B681B685A6000BF0C37BD46C8
:1042700080BC704780B586B000AF78607B68002B4B
:1042800001DC002345E07B680F2B02D810237B6004
:1042900004E07B68073323F007037B6007F0AEFE82
:1042A00038611E4B1B6879681846FFF7C8FE7861B5
:1042B0001A4B1B680C337A699A4202D100237B6146
:1042C00023E07869FFF760FF7B69083BFB607B694F
:1042D00008335B681A467B68D31A172B0ED97B68A4
:1042E0000833FA681344BB60B968F868FFF786FFC3
:1042F0000A4B1B68B9681846FFF7EFFEFB685B685E
:1043000043F001031A46FB685A60386907F05EFE05
:104310007B6918461837BD4680BD00BF980D002048
:1043200080B584B000AF786039607B683A6802FB82
:1043300003F3FB60F868FFF79DFFB860BB68002BD4
:1043400001D1002305E0FA680021B868FCF714FDEC
:10435000BB6818461037BD4680BD80B586B000AF3B
:10436000786039603B68002B08D03868FFF782FF1F
:1043700078617B69002B03D100231EE000237B6161
:104380007B68002B18D07B69002B12D07B68083B20
:104390003B613B691A683B690833D31AFB603A6892
:1043A000FB689342A8BF13461A4679687869FCF700
:1043B0002FFD786800F005F87B6918461837BD4670
:1043C00080BD80B584B000AF786007F017FEB8609C
:1043D0007B68083BFB60FB685B6823F001031A46BF
:1043E000FB685A60FB681B685B6803F00103002BE5
:1043F0000AD1FB681B6808331846FFF7C5FEFB6847
:104400001B681846FFF718FFFB685B685B6803F0E2
:104410000103002B0CD1FB685B68FB60FB68083371
:104420001846FFF7B1FEFB681B681846FFF704FF4C
:10443000064B1B68F9681846FFF74FFEB86807F08F
:10444000C5FD00BF1037BD4680BD00BF980D0020E0
:1044500080B500AF064B1B6804331846FFF7B0FD6C
:10446000034B1B680C331846FFF7AAFD00BF80BD45
:10447000980D002080B582B000AF2E4B1B6803332F
:1044800023F003031A462B4B1A602A4B1B682A4A57
:104490001360284B1B6814331A46264B1A60254BB1
:1044A0001B68073323F007031A46224B1A60214B7F
:1044B0001B687B60214B1B681A461E4B1B68D31A76
:1044C000A3F110021C4B1B681A601C4B1B68194A95
:1044D0001360FFF7BDFF184B1B681B6808337A6831
:1044E00013443B60144B1B68043339681846FFF7CC
:1044F00085FE114B1B68043379681846FFF77EFE72
:104500003B685B6843F001031A463B685A600A4BFC
:104510001B689B6843F00102074B1B689A60064BBF
:104520001B6879681846FFF7D8FD0023184608373E
:10453000BD4680BD14260020980D002018260020BE
:1045400080B483B000AF78607B687A681A607B685B
:104550007A685A6000BF0C37BD4680BC704780B493
:1045600083B000AF78607B681B687A689A420CBFA2
:1045700001230023DBB218460C37BD4680BC7047D0
:1045800080B483B000AF786039603B685A687B685C
:104590005A607B683A681A603B685B687A681A60A0
:1045A0003B687A685A6000BF0C37BD4680BC7047D4
:1045B00080B485B000AF78607B681B687A689A42E7
:1045C00001D100230BE07B681B68FB60FB681A6865
:1045D0007B681A60FB681B687A685A60FB6818463B
:1045E0001437BD4680BC704780B400AF054B1B68D4
:1045F000002BCCBF01230023DBB21846BD4680BC94
:10460000704700BF1026002080B483B000AF7860F0
:104610007B6800221A6000BF0C37BD4680BC704723
:1046200080B483B000AF78607B685B6A7A68D269D7
:10463000134418460C37BD4680BC704780B582B025
:1046400000AF1048FFF77CFF0F4B3B600F4B7B60C8
:104650000FE07B6800229A607B6830331846FFF7D2
:10466000D3FF7B6807491846FFF78AFF7B6838331A
:104670007B607A683B689A42EBD300231846083780
:10468000BD4680BD5C0F00205C0F00209C0D00200B
:1046900080B588B000AF786040F22133BB617B68A1
:1046A0005A68BB69DB431340002B02D06FF00A034A
:1046B0009DE07B689B68002B02DC6FF0100396E0A6
:1046C0007B68DB68002B02DC6FF010038FE04A4B45
:1046D0001B68002B0DD1FFF787FF0346002B08D185
:1046E000464B1B68002B04D007F07CFC0346002BD4
:1046F00002D06FF018037AE07B68DB68033323F0A5
:1047000003037B617B689A687B6902FB03F33B616F
:104710007B685B6803F02003002B0BD07B68DB68B1
:104720007A699A4202D06FF0100360E07B681B69DF
:10473000FB6109E03869FFF79DFDF861FB69002B1B
:1047400002D16FF0200352E007F058FC2C48FFF72D
:104750002FFFF860002007F039FCFB68002B0BD11D
:104760007B685B6803F02003002B02D1F869FFF738
:1047700028FE6FF021033AE0FB6830331846FFF75C
:104780008DF8FB681F4A9B1ADB101F4A02FB03F3DC
:104790000133BB60FB681846FFF7D2FE7B681A68DE
:1047A000FB68DA607B685A68FB681A617B689A6804
:1047B000FB681A62FB681A6AFB685A61FB687A69CF
:1047C0009A61FB683A69DA61FB68FA695A62FB68C8
:1047D0005A6AFB689A62FB680022DA62FB68BA6870
:1047E0009A60FB6830331846FFF7C0F8BB6818467C
:1047F0002037BD4680BD00BF34140020381400208F
:104800005C0F00209C0D0020B76DDBB680B586B034
:1048100000AF786000237B6100233B610023FB60D5
:104820007B68002B02DD7B68082B02DD6FF0110333
:1048300052E02B4B1B68002B0DD1FFF7D5FE034632
:10484000002B08D1274B1B68002B04D007F0CAFBB4
:104850000346002B02D06FF018033DE07B685A1E20
:104860001346DB009B1ADB001F4A1344BB60BB6886
:1048700030331846FFF712F8BB689B68002B03D152
:104880006FF02903FB6016E007F0B8FBBB685B6ABA
:104890007B61BB681B693B61BB68184605F056FB32
:1048A000BB6812491846FFF76BFEBB6800229A608E
:1048B000002007F08BFBBB6830331846FFF756F833
:1048C0007B69002B07D03B6903F02003002B02D14A
:1048D0007869FFF776FDFB6818461837BD4680BD3E
:1048E00034140020381400209C0D00205C0F0020A0
:1048F00080B584B000AF786039607B681B6B5A1E4E
:104900001346DB009B1ADB00054A1344FB60796801
:10491000F86805F07FFB00BF1037BD4680BD00BFC3
:104920009C0D002080B588B000AFF860B9607A6057
:1049300000233B61FB68002B02DDFB68082B02DDD6
:104940006FF0110390E07B68B3F1FF3F02DA6FF084
:10495000100389E0464B1B68002B0DD1FFF744FE86
:104960000346002B08D1434B1B68002B04D007F0F3
:1049700039FB0346002B02D06FF0180374E0FB688C
:104980005A1E1346DB009B1ADB003B4A1344FB61B3
:10499000FB6930331846FEF781FFFB699B68002BEB
:1049A00003D16FF029033B6122E0FB691B6A002BF6
:1049B00025DDFB69DB6A002B0AD0FB69DB6ABB6182
:1049C000BB691A68FB69DA62BB68BA691A600AE0F7
:1049D000FB699A6ABB681A60FB699B6AFA6992690B
:1049E0001A44FB699A62FB691B6A5A1EFB691A62C8
:1049F000FB6930331846FEF7B9FF3B6934E000BF6E
:104A000007F0FCFA7861FB691B6903F00103002BD6
:104A100001D01A4A00E01A4A164B1B68DA62154B9D
:104A20001B6807F11002DA63124B1B68BA681A643C
:104A30007968F86905F0B8FAFB6930331846FEF773
:104A400095FF7B69002B0BD10A4B1A680D4B1B6835
:104A50009A4205D0064B1B68002B01D107F004FEDB
:104A6000786907F0B3FA3B6918462037BD4680BD28
:104A700034140020381400209C0D002024FC000079
:104A800018FC00003C14002080B586B000AF7860B0
:104A9000396000237B617B68002B02DD7B68082B7B
:104AA00002DD6FF0110375E03C4B1B68002B0DD14C
:104AB000FFF79AFD0346002B08D1394B1B68002BEA
:104AC00004D007F08FFA0346002B02D06FF01803D2
:104AD00060E07B685A1E1346DB009B1ADB00314AFC
:104AE00013443B613B6930331846FEF7D7FE3B6900
:104AF0009B68002B03D16FF029037B6144E03B6985
:104B00005B6A3A689A4213D33869FFF789FD024617
:104B10003B6893420CD23B695B6A3A68D31A3A69A4
:104B2000926993FBF2F101FB02F29B1A002B03D076
:104B30006FF010037B6127E007F060FA3B691846CD
:104B4000FFF70DFD0346002B0DD13B691B68BB60D1
:104B5000BB681B6C3A681A60B86805F041F9002020
:104B600007F034FA10E0002007F030FA3B68FB60F1
:104B70003B69DA6AFB681A603B69FA68DA623B698A
:104B80001B6A5A1C3B691A623B6930331846FEF7B0
:104B9000EDFE7B6918461837BD4680BD34140020F1
:104BA000381400209C0D002080B584B000AF7860E0
:104BB00039600023FB607B68002B02DD7B68082BDB
:104BC00002DD6FF0110344E0244B1B68002B0DD174
:104BD000FFF70AFD0346002B08D1214B1B68002B71
:104BE00004D007F0FFF90346002B02D06FF0180342
:104BF0002FE07B685A1E1346DB009B1ADB00194A24
:104C00001344BB60BB6830331846FEF747FEBB68F1
:104C10009B68002B03D16FF02903FB6013E007F0C2
:104C2000EDF9BB68184605F0ACF902463B685A60DE
:104C3000002007F0CBF9BB68DA683B681A60BB68F4
:104C40001A6A3B689A60BB6830331846FEF78EFEDE
:104C5000FB6818461037BD4680BD00BF34140020E5
:104C6000381400209C0D002080B483B000AF786021
:104C70007B687A681A607B687A685A6000BF0C3774
:104C8000BD4680BC704780B483B000AF78607B685D
:104C90001B687A689A420CBF01230023DBB21846D6
:104CA0000C37BD4680BC704780B483B000AF7860DD
:104CB00039603B685A687B685A607B683A681A605A
:104CC0003B685B687A681A603B687A685A6000BF24
:104CD0000C37BD4680BC704780B485B000AF7860AB
:104CE0007B681B687A689A4201D100230BE07B68DD
:104CF0001B68FB60FB681A687B681A60FB681B68AE
:104D00007A685A60FB6818461437BD4680BC704705
:104D100080B400AF054B1B68002BCCBF01230023E0
:104D2000DBB21846BD4680BC704700BF102600208D
:104D300080B483B000AF78607B680F2B01DC102358
:104D40007B607B68073323F0070318460C37BD46AA
:104D500080BC704780B582B000AF78607B6820333C
:104D60001846FFF790FF0346002B01D0002303E015
:104D70007B685B6A08335B6818460837BD4680BDB0
:104D800080B582B000AF0E48FFF76EFF0D4B3B6061
:104D90000D4B7B600AE07B6800229A607B680849C3
:104DA0001846FFF781FF7B6834337B607A683B6885
:104DB0009A42F0D3002318460837BD4680BD00BF95
:104DC0003410002034100020640F002080B588B01B
:104DD00000AF786039607B6814337B617B6818337F
:104DE0003A689A4203D17B681B6BFB6102E03B6827
:104DF0000833FB613B681A687B6828339A4206D106
:104E00007B681B6B7A6852691344BB6102E03B68A4
:104E10001B68BB61BA69FB69D31A3B613969786960
:104E2000FFF70DF9F8603B685B6823F001031A4651
:104E30003B685A607B690C33FA689A4226D0FB685B
:104E400008335B681A463B6993421FD1FB6803F144
:104E50000802FB69083312681A60FB680833FA69B4
:104E600008321A60FB690833FA6808325A60FB6935
:104E700008331B68002B05D0FB6908331B68FA69EF
:104E800008325A60FB6900221A600CE0F968F86980
:104E9000FFF70AFFFB69083300221A60FB69083339
:104EA0003A695A6000BF00BF2037BD4680BD80B55B
:104EB00086B000AF786039607B6814333B61396835
:104EC0003869FFF7BCF8F8603B690C33FA689A421E
:104ED00001D1002335E0F868FFF756F97B681B6BBA
:104EE000FA689A4203D17B6818337B6102E0FB6861
:104EF000083B7B61FB6808335B681A463B68D31A42
:104F0000172B16D93B68FA681344BB60B9687869F7
:104F1000FFF774F9BB681A687B6828339A4204D19A
:104F2000B9687868FFF752FF03E0B9683869FFF79E
:104F3000D4F87B695B6843F001031A467B695A60C9
:104F4000FB6818461837BD4680BD80B586B000AFF7
:104F5000786039607B681433FB607B681B6B3A6850
:104F60009A4203D17B6818337B6102E03B68083BBF
:104F70007B617B695B6803F00103002B02D16FF05A
:104F800010034BE07B695B6823F001031A467B69E1
:104F90005A607B691B685B6803F00103002B0AD130
:104FA0007B691B6808331846FFF7EEF87B691B68BE
:104FB0001846FFF741F97B695B685B6803F0010302
:104FC000002B16D17B695B687B617B6818337A693B
:104FD0009A4203D17B681B6B3B6102E07B6908331B
:104FE0003B613869FFF7D0F87B691B681846FFF70B
:104FF00023F97B6818337A699A4205D07B691A686D
:105000007B6828339A4204D179697868FFF7DEFE1D
:1050100003E07969F868FFF760F80023184618374D
:10502000BD4680BD80B586B000AF786018E07B6873
:105030001B687B617B691B6C3B617868FFF78AFEAC
:1050400002463B69934213DC39697868FFF72FFF0A
:10505000F8607B695B6CFA681A60786904F0C0FEDE
:105060007B681846FFF70FFE0346002BDFD000E0F9
:1050700000BF00BF1837BD4680BD80B582B000AF0D
:1050800078607B6818331846FFF7EEFD7B682033A5
:105090001846FFF7E9FD7B6803F118027B682833A7
:1050A00019461046FFF7AAF87B68DB6A43F0010354
:1050B0001A467B68DA627B68183319467868FFF70E
:1050C00085FE00BF0837BD4680BD80B58AB000AF01
:1050D000786040F22133FB617B685A68FB69DB43EF
:1050E0001340002B02D06FF00A0393E07B689B68AB
:1050F000002B05DD7B689B681A46484B9A4202D913
:105100006FF0100386E0464B1B68002B0DD1FFF7B4
:10511000FFFD0346002B08D1424B1B68002B04D037
:1051200006F060FF0346002B02D06FF0180371E019
:105130007B689B681846FFF7FBFDB8617B685B687E
:1051400003F02003002B0BD07B689B68BA699A425E
:1051500002D06FF010035DE07B68DB687B6209E0E2
:10516000B869FFF787F878627B6A002B02D16FF08D
:1051700020034FE006F042FF78612B48FFF7ACFDBB
:1051800038613B69002B03D16FF021033B6222E0C1
:105190003B69264A9B1A9B10254A02FB03F3013305
:1051A000FB603B691846FFF75FFD3B69FA689A6050
:1051B0007B681A683B69DA607B685A683B691A61E8
:1051C0003B69BA695A613B697A6A1A633869FFF7C1
:1051D00054FFFB683B627B69002B0BD1114B1A68B3
:1051E000144B1B689A4205D00D4B1B68002B01D154
:1051F00007F03AFA786906F0E9FE3B6A002B08DA14
:105200007B685B6803F02003002B02D1786AFFF70C
:10521000D8F83B6A18462837BD4680BDF8FFFF7FA7
:10522000341400203814002034100020640F0020B3
:10523000C54EECC43C14002080B588B000AF786047
:105240000023FB610023BB6100237B617B68002B93
:1052500002DD7B68042B02DD6FF0110357E02E4B5B
:105260001B68002B0DD1FFF753FD0346002B08D11F
:105270002A4B1B68002B04D006F0B4FE0346002B1B
:1052800002D06FF0180342E07B68013B342202FB3E
:1052900003F3234A13443B6106F0B0FEF8603B6918
:1052A0009B68002B03D16FF029037B6111E03B6900
:1052B0001B6BFB613B691B69BB613B69184604F0D2
:1052C00045FE3B6917491846FFF7EEFC3B69002293
:1052D0009A60FB68002B0BD1104B1A68124B1B68AD
:1052E0009A4205D00C4B1B68002B01D107F0BCF98A
:1052F000F86806F06BFE7B69002B07D1BB6903F0F1
:105300002003002B02D1F869FFF75BF87B69184690
:105310002037BD4680BD00BF341400203814002063
:10532000640F0020341000203C14002080B584B0AD
:1053300000AF786039607B681B6B013B342202FB55
:1053400003F3084A1344FB603B68002B03DB7968D6
:10535000F86804F05FFEF868FFF764FE00BF1037DE
:10536000BD4680BD640F002080B582B000AF78607C
:105370004FF0FF317868FFF7D9FF00BF0837BD460F
:1053800080BD80B588B000AFF860B9607A603B60DE
:105390000023FB6100233B61FB68002B02DDFB68FF
:1053A000042B02DD6FF011038CE0BB68002B03DDE2
:1053B000BB68464A934202D96FF0100382E03B6813
:1053C000B3F1FF3F02DA6FF010037BE0404B1B6844
:1053D000002B0DD1FFF79CFC0346002B08D13D4B61
:1053E0001B68002B04D006F0FDFD0346002B02D005
:1053F0006FF0180366E0FB68013B342202FB03F305
:10540000354A1344BB61B868FFF792FCB86006F0F8
:10541000F5FD7861BB699B68002B03D16FF0290310
:105420003B613CE0BB695B69BA689A4203DD6FF09F
:1054300010033B6133E0274B1B681946B86904F041
:10544000FBFD0246234B1B689A420BD1B968B86931
:10545000FFF72DFDF861FB69002B03D07B68FA692B
:105460001A601CE0BB691B6903F00103002B01D02B
:105470001A4A00E01A4A174B1B68DA62154B1B6880
:1054800007F11002DA63134B1B68BA681A64114BF8
:105490001B687A685A643968B86904F085FD7B69CD
:1054A000002B0BD10B4B1A680E4B1B689A4205D090
:1054B000074B1B68002B01D107F0D6F8786906F07E
:1054C00085FD3B6918462037BD4680BDF8FFFF7F4C
:1054D0003414002038140020640F00203CFC00002D
:1054E00030FC00003C14002080B586B000AF78602E
:1054F000396000237B617B68002B02DD7B68042B15
:1055000002DD6FF0110358E02E4B1B68002B0DD10C
:10551000FFF7FEFB0346002B08D12B4B1B68002B2B
:1055200004D006F05FFD0346002B02D06FF0180395
:1055300043E07B68013B342202FB03F3234A13441C
:105540003B6106F05BFDF8603B699B68002B03D173
:105550006FF029037B611DE03B691B6B3A689A423F
:1055600007D33B691B6B3A69526913443A689A4204
:1055700003D96FF010037B610CE039683869FFF7DD
:10558000E4FC78617B69002B03DB3869FFF74AFD97
:1055900000E000BFFB68002B0BD10B4B1A680C4BD3
:1055A0001B689A4205D0074B1B68002B01D107F0FE
:1055B0005BF8F86806F00AFD7B6918461837BD46A7
:1055C00080BD00BF3414002038140020640F002078
:1055D0003C14002080B58AB000AF786039600023A9
:1055E000BB617B68002B02DD7B68042B02DD6FF062
:1055F000110373E03B4B1B68002B0DD1FFF788FBB9
:105600000346002B08D1384B1B68002B04D006F052
:10561000E9FC0346002B02D06FF018035EE07B68C4
:10562000013B342202FB03F3304A13447B6106F052
:10563000E5FC38617B699B68002B03D16FF029037F
:10564000BB6138E07B69DA683B681A607B691846A1
:1056500004F097FC02463B685A600023FB617B69BB
:105660001B6A7B6219E07B6A08335B68FB60FA693E
:10567000FB681344FB617B6A08331B683B6206E0EE
:10568000FA69FB681344FB613B6A1B683B623B6A37
:10569000002BF5D17B6A1B687B627B6920337A6AB9
:1056A0009A42E0D13B68FA699A607869FFF752FB49
:1056B00002463B68DA603B69002B0BD10A4B1A6843
:1056C0000B4B1B689A4205D0064B1B68002B01D17F
:1056D00006F0CAFF386906F079FCBB69184628371E
:1056E000BD4680BD3414002038140020640F002013
:1056F0003C14002080B483B000AF78607B687A6887
:105700001A607B687A685A6000BF0C37BD4680BC5F
:10571000704780B483B000AF78607B681B687A689C
:105720009A420CBF01230023DBB218460C37BD465A
:1057300080BC704780B483B000AF786039603B684C
:105740005A687B685A607B683A681A603B685B6895
:105750007A681A603B687A685A6000BF0C37BD46A9
:1057600080BC704780B485B000AF78607B681B68F0
:105770007A689A4201D100230BE07B681B68FB60CA
:10578000FB681A687B681A60FB681B687A685A6055
:10579000FB6818461437BD4680BC704780B400AF24
:1057A000054B1B68002BCCBF01230023DBB218463E
:1057B000BD4680BC704700BF1026002080B483B077
:1057C00000AF786039603B6804337A68526A93426C
:1057D00094BF01230023DBB218460C37BD4680BCC2
:1057E000704780B483B000AF78607B685A6A7B688A
:1057F000DB699A420CBF01230023DBB218460C3749
:10580000BD4680BC704780B582B000AF0D48FFF741
:1058100071FF0D4B3B600D4B7B600AE07B68002203
:105820009A607B6807491846FFF784FF7B6834332A
:105830007B607A683B689A42F0D3002318460837A9
:10584000BD4680BDDC110020DC1100203C10002092
:1058500080B588B000AFF860B9607A60FB68DB6A39
:10586000FB61FB681B6BBB61FB685B6A1A467B686C
:10587000033323F00303D31A043B1A46FB685A622E
:10588000FB69BA6913447A681A60FB690433FB61E7
:10589000FB68DB69FA699A4201DB0023FB61FB6864
:1058A000DA69FB69D31A7B617A697B689A4211DAFB
:1058B000FB69BA6913447A69B9681846FBF7A8FA14
:1058C0007B69BA681344BB607A687B69D31A7B60D2
:1058D0000023FB61FB69BA6913447A68B96818460A
:1058E000FBF796FA7B68033323F00303FA6913444A
:1058F000FB61FB68DB69FA699A4201DB0023FB610B
:10590000FB68FA69DA6200BF2037BD4680BD80B50A
:1059100084B000AF786016E07B681B68FB60FB68B2
:105920005B6CBB60B9687868FFF748FF0346002BE3
:1059300011D0FB681B6CBA6819467868FFF788FFBE
:10594000F86804F04DFA7B681846FFF7E2FE03465C
:10595000002BE1D000E000BF00BF1037BD4680BD86
:1059600080B58AB000AF78602123FB617B685A68FC
:10597000FB69DB431340002B02D06FF00A0398E071
:105980007B689B68002B02DA6FF0100391E07B6864
:10599000DB68002B02DC6FF010038AE07B689B68F9
:1059A000033323F00303BB61BB69002B1BDD7B6862
:1059B0005B6803F02003002B0BD07B689B68BA69FF
:1059C0009A4202D06FF0100373E07B681B697B6220
:1059D0000BE0B869FEF74EFC78627B6A002B04D1BD
:1059E0006FF0200365E000237B6206F007FB78611F
:1059F0003248FFF7B7FE38613B69002B03D16FF0E7
:105A000021033B6233E03B692D4A9B1A9B102D4AD0
:105A100002FB03F30133FB603B691846FFF76AFEA4
:105A20003B69FA689A607B681A683B69DA607B6850
:105A30005A683B691A613B6914331846FFF75AFEEE
:105A40003B697A6A1A633B69BA695A623B695A6A66
:105A50003B69DA617B68DA683B691A623B6900225C
:105A6000DA623B69DA6A3B699A62FB683B627B698E
:105A7000002B0BD1144B1A68144B1B689A4205D0AB
:105A8000134B1B68002B01D106F0EEFD786906F080
:105A90009DFA3B6A002B0BDA7B6A002B08D07B68EF
:105AA0005B6803F02003002B02D1786AFEF789FCC3
:105AB0003B6A18462837BD4680BD00BFDC11002078
:105AC0003C100020C54EECC4381400203C140020CB
:105AD0003414002080B586B000AF786000237B616D
:105AE00000233B617B68002B02DD7B68082B02DD15
:105AF0006FF0110345E07B68013B342202FB03F3A6
:105B0000224A1344FB6006F079FAB860FB689B6890
:105B1000002B03D16FF029033B6113E0FB681B6B83
:105B20007B61FB681433184604F010FAFB681846D2
:105B300004F00CFAFB6816491846FFF7FBFDFB68FA
:105B400000229A60BB68002B0BD1124B1A68124BD3
:105B50001B689A4205D0114B1B68002B01D106F03F
:105B600083FDB86806F032FA7B69002B08D0FB6829
:105B70001B6903F02003002B02D17869FEF721FC9A
:105B80003B6918461837BD4680BD00BF3C10002059
:105B9000DC110020381400203C14002034140020B4
:105BA00080B584B000AF786039607B681B6B013BC7
:105BB000342202FB03F3084A1344FB603B68002BCA
:105BC00003DB7968F86804F025FAF868FFF79FFEB0
:105BD00000BF1037BD4680BD3C10002080B582B0AC
:105BE00000AF78604FF0FF317868FFF7D9FF00BF52
:105BF0000837BD4680BD80B588B000AFF860B96099
:105C00007A603B6000233B61FB68002B02DDFB6890
:105C1000082B02DD6FF01103B3E07B68002B02DC80
:105C20006FF01003ADE03B68B3F1FF3F02DA6FF0B5
:105C30001003A6E03B68002B14D0544B1B68002BCC
:105C40000DD1FFF7ABFD0346002B08D1504B1B686D
:105C5000002B04D006F0C6F90346002B02D06FF0EB
:105C600018038EE0FB68013B342202FB03F3494A30
:105C70001344FB6106F0C2F9B861FB699B68002B15
:105C800003D16FF029033B6168E0FB691B6A7A6806
:105C90009A4203DD6FF010033B615FE0FB69143350
:105CA0001846FFF736FD0346002B11D1FB695B69EF
:105CB0007B617B691B6C7A68B9681846FBF7A8F8AA
:105CC0007B695B6C7A681A60786904F089F845E052
:105CD000FFF764FD0346002B0ED12D4B1B68002BF4
:105CE0000AD02B4B1B681946F86904F0A5F9024647
:105CF000274B1B689A420CD17968F869FFF75EFD63
:105D00000346002B05D07A68B968F869FFF7A0FD53
:105D100024E06FF031033B613B68002B1DD0FB6931
:105D20001B6903F00103002B01D01B4A00E01B4A52
:105D3000174B1B68DA62164B1B6807F11002DA6317
:105D4000134B1B68BA681A64114B1B687A685A6453
:105D50003968F86904F028F900E000BFBB69002B3E
:105D60000BD10B4B1A680E4B1B689A4205D0074BA0
:105D70001B68002B01D106F077FCB86906F026F904
:105D80003B6918462037BD4680BD00BF3414002053
:105D9000381400203C10002054FC000048FC000097
:105DA0003C14002080B588B000AF786039607B6813
:105DB0009B6AFB617B681B6B7B61FB697A6913449F
:105DC0001B68BB61BB693B617B685B6A1A46BB6948
:105DD000033323F00303134404331A467B685A62E7
:105DE000FB690433FB617B68DB69FA699A4201DB7A
:105DF0000023FB617B68DA69FB69D31AFB60FA68F0
:105E0000BB699A4211DAFB697A691344FA68194648
:105E10003868FAF7FDFFFB683A6813443B60BA69DB
:105E2000FB68D31ABB610023FB61FB697A691344E9
:105E3000BA6919463868FAF7EBFFBB69033323F0F8
:105E40000303FA691344FB617B68DB69FA699A42D0
:105E500001DB0023FB617B68FA699A623B691846A3
:105E60002037BD4680BD80B58AB000AFF860B9600C
:105E70007A6000237B61FB68002B02DDFB68082B46
:105E800002DD6FF011039EE07B68B3F1FF3F02DAA1
:105E90006FF0100397E04E4B1B68002B0DD1FFF7FE
:105EA0007DFC0346002B08D14A4B1B68002B04D015
:105EB00006F098F80346002B02D06FF0180382E03A
:105EC000FB68013B342202FB03F3434A13447B6229
:105ED00006F094F838627B6A9B68002B03D16FF060
:105EE00029037B6157E0786AFFF77BFC0346002BB0
:105EF00009D1B968786AFFF755FF0346BB61786A34
:105F0000FFF705FD47E07B6A1846FFF702FC0346F2
:105F1000002B13D17B6A1B68FB61FB695B6CBB6167
:105F2000FB691B6CBA691946B868FAF771FFF86922
:105F300003F056FF786AFFF7EAFC2CE06FF03103BC
:105F40007B617B68002B25D0224B1B68234ADA62D9
:105F5000204B1B68FA681A631E4B1B6807F114027A
:105F6000DA631C4B1B68BA681A641A4B1B6807F18A
:105F700018025A647B6A1B691946786803F082FF2D
:105F8000144B1B681A467B6A143319461046FFF7F8
:105F9000D1FB00E000BF3B6A002B0BD10D4B1A6810
:105FA0000F4B1B689A4205D0094B1B68002B01D18F
:105FB00006F05AFB386A06F009F87B69002B01DA13
:105FC0007B6900E0BB6918462837BD4680BD00BF2D
:105FD00034140020381400203C10002060FC000025
:105FE0003C14002080B586B000AF78603960002393
:105FF0007B617B68002B02DD7B68082B02DD6FF084
:10600000110361E07B68013B342202FB03F3304A59
:1060100013443B6105F0F2FFF8603B699B68002B7D
:1060200003D16FF029037B613BE03B69DA683B6891
:106030001A603B691433184603F0A3FF02463B681D
:106040005A603B69184603F09CFF02463B689A6021
:106050003869FFF7C6FB0346002B08D13B691B6B71
:106060003A69926A13441A683B68DA6011E03B6946
:106070001846FFF74EFB0346002B07D13B691B6810
:10608000BB60BB685A6C3B68DA6002E03B68002288
:10609000DA603B695A6A3B681A613B691A6A3B6875
:1060A0005A61FB68002B0BD10A4B1A680A4B1B681C
:1060B0009A4205D0094B1B68002B01D106F0D4FA97
:1060C000F86805F083FF7B6918461837BD4680BD28
:1060D0003C100020381400203C1400203414002010
:1060E00080B400AF054B1B68002BCCBF01230023FD
:1060F000DBB21846BD4680BC704700BF10260020AA
:1061000080B584B000AF7860FFF7EAFF0346002B4C
:1061100003D1364B1B68002B03D17B6804221A6025
:1061200049E005F06BFFF860304B1B68B3F9223093
:106130002E4A126892F920209342CCBF01230023FB
:10614000DBB2BB60F86805F041FFBB68002B03D0F1
:106150007B6808221A6002E07B6800221A6005F062
:1061600041FF0346002B08D1FFF7BAFF0346002B7F
:1061700003D11E4B1B68002B05D17B681B6843F0C5
:1061800002027B681A601A4B1B68002B0DD1FFF7C7
:10619000A7FF0346002B08D1144B1B68002B04D02B
:1061A00005F020FF0346002B05D07B681B6843F0F9
:1061B00001027B681A600D4B1B68002B03D00B4B50
:1061C0001B689B6800E000237A685360094B1B68DA
:1061D000002B03D0074B1B689B6800E000237A6804
:1061E0009360002318461037BD4680BD3814002048
:1061F000341400203C14002080B483B000AF7860D9
:106200007B6800221A807B6800225A807B684FF4EA
:10621000C6429A807B680322DA807B6800221A815A
:106220007B6800225A817B6800229A817B68002269
:10623000DA81002318460C37BD4680BC704700BF8A
:1062400080B483B000AF78607B687A681A607B683E
:106250007A685A6000BF0C37BD4680BC704780B476
:1062600083B000AF78607B681B687A689A420CBF85
:1062700001230023DBB218460C37BD4680BC7047B3
:1062800080B483B000AF786039603B685A687B683F
:106290005A607B683A681A603B685B687A681A6083
:1062A0003B687A685A6000BF0C37BD4680BC7047B7
:1062B00080B485B000AF78607B681B687A689A42CA
:1062C00001D100230BE07B681B68FB60FB681A6848
:1062D0007B681A60FB681B687A685A60FB6818461E
:1062E0001437BD4680BC704780B400AF054B1B68B7
:1062F000002BCCBF01230023DBB21846BD4680BC77
:10630000704700BF1026002080B588B000AF7860CD
:1063100039603B68BB61BB697B617B6893F8263061
:10632000FB742623FB607B691B68FB6109E0FB684B
:10633000FA6913441B78FA7C9A4207D3FB691B68FD
:10634000FB61FA69BB699A42F1D100E000BF7B684A
:10635000F9691846FFF794FF00BF2037BD4680BD9E
:1063600080B582B000AF0E48FFF76AFF0D4B3B606F
:106370000D4B7B600AE07B6800229A607B680849CD
:106380001846FFF77DFF7B6820337B607A683B68A7
:106390009A42F0D3002318460837BD4680BD00BF9F
:1063A0006412002064120020E411002080B586B041
:1063B00000AF786039607B6893F825303B613B69BA
:1063C000FB607B6864337B612DE0BA683B689A426E
:1063D00004D1BB68DA697B691A6024E0BB681B6979
:1063E00003F00303022B05D0032B10D1BB681B7DE8
:1063F000FB600FE0BB681846FFF731FF0346002B38
:1064000007D1BB681B6893F82630FB6001E000BF32
:1064100000E000BF3A69FB689A4201DDFB683B611E
:10642000BB681C337B617B691B68BB60BB68002B4E
:10643000CBD17B6893F826301A463B69934203D050
:106440003969786801F036F900BF1837BD4680BD5C
:1064500080B586B000AF78607B685B6E7B6130E0B2
:106460003B69DB697B613B691846FFF7F8FE034631
:10647000002B23D13B691B68FB60F86803F0B0FC7C
:106480003B69FA689A61FB685A6E3B69DA61FB689E
:106490003A695A663B691B6903F00303032B10D169
:1064A000FB6893F826203B691B7D9A4209D93B691A
:1064B0001B7D1946F86801F0FDF802E03B690022F7
:1064C0009A617B693B613B69002BC9D100BF00BF6A
:1064D0001837BD4680BD80B586B000AF78603960A2
:1064E0003B683B610023FB607B6893F8273003F037
:1064F0000203002B1CD07B68DB6A1B6803F080035F
:10650000002B15D07B681B6B013B5B01294A1344B0
:106510007B617B691B6903F00303032B08D17B6953
:106520001B7DBB60BA68FB689A4201DDBB68FB60FB
:106530003B69BB607B685B6E7B612CE07B691B69A0
:1065400003F00303022B0BD0032B16D17B691B7DB9
:10655000BB60BA68FB689A4211DDBB68FB600EE065
:106560007B691846FFF77BFE0346002B09D17B6948
:106570001B6893F82630BB6003E000BF02E000BF59
:1065800000E000BFBA683B699A4201DABB683B6130
:106590007B69DB697B617B69002BCFD13A68FB6843
:1065A0009A4202DA6FF01B0300E03B691846183785
:1065B000BD4680BDE411002080B588B000AF786092
:1065C00003237B617B685A687B69DB431340002BA4
:1065D00002D06FF00A0359E07B685B6803F00303A5
:1065E000032B0FD17B689B68002B03DD7B689B68C6
:1065F000202B02DD6FF0100348E07B689B68013BB5
:10660000FB6101E00023FB6105F0F8FC38612148E3
:10661000FFF74EFEF860FB68002B03D16FF02103FB
:10662000BB6120E0FB681C4A9B1A5B110133BB6015
:10663000FB681846FFF704FEFB68BA689A607B683F
:106640001A68FB68DA607B685A68FB681A61FB6944
:10665000DAB2FB681A75FB6800229A61FB680022B7
:10666000DA61BB68BB613B69002B0BD10B4B1A682D
:106670000B4B1B689A4205D00A4B1B68002B01D1BB
:1066800005F0F2FF386905F0A1FCBB691846203718
:10669000BD4680BD64120020E411002038140020A3
:1066A0003C1400203414002080B586B000AF786020
:1066B00000237B617B68002B02DD7B68042B02DDFD
:1066C0006FF0110339E07B68013B5B011D4A134405
:1066D0003B6105F093FCF8603B699B68002B03D19C
:1066E0006FF029037B6115E03B699B69002B05D0A6
:1066F0003B699B6939691846FFF758FE3B691846A4
:1067000003F024FC3B6910491846FFF7B9FD3B69CB
:1067100000229A60FB68002B0BD10C4B1A680C4BC3
:106720001B689A4205D00B4B1B68002B01D105F06A
:106730009BFFF86805F04AFC7B6918461837BD4690
:1067400080BD00BFE4110020641200203814002036
:106750003C1400203414002080B584B000AF786071
:1067600039607B681B6B013B5B01174A1344FB607C
:106770007968F86803F04EFCFB681B6903F00303BB
:10678000022B1DD1FB689B69BB60BB6893F8262078
:106790007B6893F826309A4207D97B6893F82630B5
:1067A0001946B86800F086FF0AE0BB6893F8263007
:1067B0001A463B68934203D10021B868FFF7F6FD03
:1067C00000BF1037BD4680BDE411002080B584B005
:1067D00000AF78607B681B6B013B5B010A4A134486
:1067E000FB60FB689B69BB60BB6893F826207B68F5
:1067F00093F826309A4203D10021B868FFF7D6FDFE
:1068000000BF1037BD4680BDE411002080B588B0C0
:1068100000AF786039600023FB607B68002B02DDED
:106820007B68042B02DD6FF01103D1E03B68B3F10C
:10683000FF3F02DA6FF01003CAE0674B1B68002BC2
:106840000DD1FFF751FD0346002B08D1634B1B68A8
:10685000002B04D005F0C6FB0346002B02D06FF0DE
:106860001803B5E07B68013B5B015D4A1344FB61A3
:1068700005F0C4FBB861FB699B68002B03D16FF086
:106880002903FB6091E0FB699A69544B1B689A42AB
:1068900003D16FF01B03FB6087E0FB691B6903F00A
:1068A00003037B617B69032B0BD14C4B1B6893F873
:1068B0002520FB691B7D9A4203D26FF01B03FB600E
:1068C00073E0FB699B693B613B69002B20D1434B23
:1068D0001A68FB699A61414B1B685A6EFB69DA6161
:1068E0003E4B1B68FA695A667B69032B5DD13B4BB3
:1068F0001B6893F82620FB691B7D9A4255D9374BBC
:106900001A68FB691B7D1946104600F0D3FE4CE067
:106910006FF03103FB603B68002B45D07B69022B95
:1069200010D13B6993F826202C4B1B6893F8263036
:106930009A4207D9294B1B6893F8263019463869C3
:1069400000F0B8FE7B69002B06D07B69022B01D1D9
:10695000244B02E0244B00E0244B204A1268D3620F
:106960001E4B1B6807F10C02DA631C4B1B68FA69AB
:1069700092681A63FB691B691946386803F082FA4A
:106980007B69002B08D1154B1B681A46FB69194619
:106990001046FFF775FC08E0104B1B68FA691146BA
:1069A0001846FFF7B1FC00E000BFBB69002B0BD11C
:1069B0000A4B1A680E4B1B689A4205D0064B1B689F
:1069C000002B01D105F050FEB86905F0FFFAFB6815
:1069D00018462037BD4680BD3414002038140020EE
:1069E000E411002084FC000078FC00006CFC000036
:1069F0003C14002080B586B000AF786000237B6136
:106A00007B68002B02DD7B68042B02DD6FF0110335
:106A10006DE0FFF769FC0346002B03D1364B1B6882
:106A2000002B02D16FF0180361E07B68013B5B0132
:106A3000324A13443B6105F0E1FAF8603B699B6818
:106A4000002B03D16FF029037B613DE03B699A691C
:106A5000294B1B689A4203D06FF01B037B6133E024
:106A6000254B1B6839691846FFF7A0FC3B6918469F
:106A7000FFF7F5FB0346002B23D13B691B68BB6086
:106A8000B86803F0ADF93B69BA689A61BB685A6EA1
:106A90003B69DA61BB683A695A663B691B6903F076
:106AA0000303032B10D1BB6893F826203B691B7DA1
:106AB0009A4209D93B691B7D1946B86800F0FAFD76
:106AC00002E03B6900229A61FB68002B0BD10A4B64
:106AD0001A680B4B1B689A4205D00A4B1B68002BA7
:106AE00001D105F0C1FDF86805F070FA7B69184620
:106AF0001837BD4680BD00BF38140020E4110020C7
:106B00003C1400203414002080B586B000AF7860BB
:106B1000396000237B617B68002B02DD7B68042BDE
:106B200002DD6FF0110339E07B68013B5B011D4A18
:106B300013443B6105F062FAF8603B699B68002BE7
:106B400003D16FF029037B6115E03B69DA683B688C
:106B50001A603B699B69002B03D03B699B699B686A
:106B600000E000233A6853603B69184603F009FAD5
:106B700002463B689A60FB68002B0BD10A4B1A68EF
:106B80000A4B1B689A4205D0094B1B68002B01D1A8
:106B900005F06AFDF86805F019FA7B6918461837A0
:106BA000BD4680BDE4110020381400203C140020B4
:106BB0003414002080B483B000AF78607B687A68BA
:106BC0001A607B687A685A6000BF0C37BD4680BC8B
:106BD000704780B483B000AF786039603B685A6812
:106BE0007B685A607B683A681A603B685B687A68C1
:106BF0001A603B687A685A6000BF0C37BD4680BC9B
:106C0000704780B485B000AF78607B681B687A6895
:106C10009A4201D100230BE07B681B68FB60FB6894
:106C20001A687B681A60FB681B687A685A60FB68A0
:106C300018461437BD4680BC704780B400AF054B82
:106C40001B68002BCCBF01230023DBB21846BD46D6
:106C500080BC70471026002080B582B000AF0E487F
:106C6000FFF7A8FF0D4B3B600D4B7B600AE07B6894
:106C700000229A607B6808491846FFF7AAFF7B68E4
:106C80001C337B607A683B689A42F0D30023184635
:106C90000837BD4680BD00BF2C1400202C140020F6
:106CA0006C12002080B588B000AF78600323BB6110
:106CB0007B685A68BB69DB431340002B02D06FF03E
:106CC0000A0359E07B689B68002B02DA6FF010031F
:106CD00052E07B68DB68002B02DC6FF010034BE0B6
:106CE0007B68DA687B689B689A4202DA6FF010036F
:106CF00042E005F083F978612148FFF782FF3861AF
:106D00003B69002B03D16FF02103FB6121E03B695C
:106D10001C4A9B1A9B101C4A02FB03F30133FB60C5
:106D20003B691846FFF746FF3B69FA689A607B6843
:106D30001A683B69DA607B685A683B691A617B684C
:106D40009A683B695A617B68DA683B699A61FB68BB
:106D5000FB617B69002B0BD10C4B1A680C4B1B6839
:106D60009A4205D00B4B1B68002B01D105F07CFC2F
:106D7000786905F02BF9FB6918462037BD4680BDC0
:106D80002C1400206C120020B76DDBB638140020E4
:106D90003C1400203414002080B586B000AF786029
:106DA00000237B617B68002B02DD7B68102B02DDFA
:106DB0006FF0110332E07B685A1E1346DB009B1A0A
:106DC0009B00184A13443B6105F018F9F8603B69D1
:106DD0009B68002B03D16FF029037B610BE03B69BB
:106DE000184603F0B3F83B690F491846FFF7F1FE68
:106DF0003B6900229A60FB68002B0BD10B4B1A6891
:106E00000B4B1B689A4205D00A4B1B68002B01D123
:106E100005F02AFCF86805F0D9F87B6918461837A0
:106E2000BD4680BD6C1200202C14002038140020B8
:106E30003C1400203414002080B588B000AF786086
:106E400039600023BB617B68002B02DD7B68102B5F
:106E500002DD6FF011036AE03B68002B02DC6FF08B
:106E6000100364E07B685A1E1346DB009B1A9B00EC
:106E7000314A13447B6105F0C1F838617B699B6836
:106E8000002B03D16FF02903BB613DE07B699A6958
:106E90007B695B69D31A3A689A4203DD6FF02A0373
:106EA000BB6131E07B695A693B681A447B695A616E
:106EB0007B691B68FB611FE0FB69FB60FB691B686A
:106EC000FB617B695A69FB681B6C9A4206DA7B6935
:106ED0001B6903F00203002B13D00DE0F86802F0E9
:106EE0007FFF7B695A69FB681B6CD21A7B695A6108
:106EF0007B695B69002B06DD7B69FA699A42DBD10D
:106F000002E000BF00E000BF3B69002B0BD10B4B40
:106F10001A680B4B1B689A4205D00A4B1B68002B62
:106F200001D105F0A1FB386905F050F8BB6918469E
:106F30002037BD4680BD00BF6C12002038140020F1
:106F40003C1400203414002080B586B000AF786077
:106F500039607B681B6B5A1E1346DB009B1A9B0033
:106F6000194A13443B613B68002B03DB796838699D
:106F700003F050F83B691B6903F00203002B1DD19D
:106F80003B691B687B6114E07B69FB607B691B6864
:106F90007B613B695A69FB681B6C9A4210DBF8689D
:106FA00002F01EFF3B695A69FB681B6CD21A3B69F1
:106FB0005A613B697A699A42E6D102E000BF00E07B
:106FC00000BF1837BD4680BD6C12002080B582B06E
:106FD00000AF78604FF0FF317868FFF7B5FF00BF72
:106FE0000837BD4680BD80B588B000AFF860B96095
:106FF0007A6000237B61FB68002B02DDFB68102BAD
:1070000002DD6FF0110387E0BB68002B02DC6FF03C
:10701000100381E07B68B3F1FF3F02DA6FF01003E9
:107020007AE03F4B1B68002B0DD1FFF706FE0346AD
:10703000002B08D13B4B1B68002B04D004F0D2FF7F
:107040000346002B02D06FF0180365E0FB685A1E60
:107050001346DB009B1A9B00334A1344FB6104F088
:10706000CDFFB861FB699B68002B03D16FF029034A
:107070007B613EE0FB699B69BA689A4203DD6FF071
:1070800010037B6135E0FB691B6903F00203002BF1
:107090000AD1244B1B681946F86902F0CDFF02465D
:1070A000204B1B689A420BD1FB695B69BA689A4214
:1070B00006DCFB695A69BB68D21AFB695A6118E0A1
:1070C000FB691B6903F00103002B01D0174A00E0A4
:1070D000174A144B1B68DA62124B1B6807F1140243
:1070E000DA63104B1B68BA681A647968F86902F0B1
:1070F0005BFFBB69002B0BD10A4B1A680D4B1B6859
:107100009A4205D0064B1B68002B01D105F0ACFA62
:10711000B86904F05BFF7B6918462037BD4680BD27
:1071200034140020381400206C1200209CFC000055
:1071300090FC00003C14002080B586B000AF786061
:10714000396000237B617B68002B02DD7B68102B9C
:1071500002DD6FF0110335E07B685A1E1346DB0039
:107160009B1A9B00194A13443B6104F047FFF860E7
:107170003B699B68002B03D16FF029037B610EE014
:107180003B69DA683B681A603B69184602F0F9FE11
:1071900002463B685A603B695A693B689A60FB68E3
:1071A000002B0BD10A4B1A680A4B1B689A4205D078
:1071B000094B1B68002B01D105F056FAF86804F062
:1071C00005FF7B6918461837BD4680BD6C1200204C
:1071D000381400203C1400203414002080B483B004
:1071E00000AF78607B687A681A607B687A685A605A
:1071F00000BF0C37BD4680BC704780B483B000AF81
:1072000078607B681B687A689A420CBF0123002370
:10721000DBB218460C37BD4680BC704780B483B0E3
:1072200000AF786039603B685A687B685A607B6859
:107230003A681A603B685B687A681A603B687A68EB
:107240005A6000BF0C37BD4680BC704780B483B025
:1072500000AF78607B681B687A689A4209D07B68C7
:107260005B687A6812681A607B681B687A68526883
:107270005A6000BF0C37BD4680BC704780B485B0F3
:1072800000AF78607B681B687A689A4201D100235E
:107290000BE07B681B68FB60FB681A687B681A6000
:1072A000FB681B687A685A60FB6818461437BD464D
:1072B00080BC704780B483B000AF786039600BE069
:1072C00001223B689A407B681340002B01D03B6849
:1072D00006E03B6801333B603B681F2BF0DD202359
:1072E00018460C37BD4680BC704780B584B000AFEF
:1072F00078607B6820221A600023FB600AE0FB684C
:10730000DB007A68134404331846FFF767FFFB6815
:107310000133FB60FB681F2BF1DD7B680022C3F8A3
:1073200004217B680022C3F80C217B6803F5847379
:10733000042200211846F9F71FFD00BF1037BD4693
:1073400080BD80B483B000AF78607B68D3F80C3127
:10735000002B03D07B68D3F80C3105E07B681B68F9
:107360007A68DB0013445B6818460C37BD4680BC66
:10737000704780B483B000AF78607B681B681846A4
:107380000C37BD4680BC704780B584B000AF7860D4
:1073900039603B6893F82630FB603868FB68DB0097
:1073A0007A68134404331946FFF738FF7B68D3F833
:1073B00008210121FB6801FA03F31A437B68C3F833
:1073C00008213B6893F8283003F00203DBB2002B5E
:1073D00003D07B683A68C3F80C217B681B68FA68A5
:1073E0009A4204DA7B68FA681A60012300E00023FD
:1073F00018461037BD4680BD80B584B000AF7860B8
:1074000039603B6893F82630FB607B68D3F80C3119
:107410003A689A4203D17B680022C3F80C213B688A
:107420001846FFF713FF3B6893F8283003F0010379
:10743000DBB2002B07D03A6892F8283023F0010322
:1074400082F8283029E0FB68DB007A6813440433B3
:107450001846FFF7D2FE0346002B1BD07B68D3F8FB
:1074600008210121FB6801FA03F3DB431A407B6822
:10747000C3F808217B681B68FA689A420CD17B68C4
:10748000D3F80831F9681846FFF714FF02467B6805
:107490001A6002E000BF00E000BF1037BD4680BDAB
:1074A00080B584B000AF786039603B68DB007A68F3
:1074B00013440433FB60F868FFF7E0FEB860BB6874
:1074C000002B03D0F968B868FFF7A8FE00BF10379B
:1074D000BD4680BD80B582B000AF0848FFF731FFE0
:1074E0007860074B1B687A689A4202D0044A7B682E
:1074F000136000BF0837BD4680BD00BF40140020A8
:107500003C14002080B485B000AF78607B681B6EAF
:10751000FB60FB68443BFB60FB686FF006021A608F
:10752000FB6800229A63FB684FF080721A647B68E4
:107530005B6923F001031A46FB68DA637B68FA682B
:107540009A6100BF1437BD4680BC704780B584B0D7
:1075500000AF194B00221A60174B1B68174A1360C3
:107560001748FFF7C2FE174B00221A601648FFF7B4
:1075700035FE164BBB600023FB6014E0FB68013353
:107580007B60BB687A689A60BB68002283F827201A
:10759000BB680D491846FFF741FEBB686833BB6006
:1075A000FB680133FB60FB681F2BE7DD00231846F7
:1075B0001037BD4680BD00BF3C14002038140020A9
:1075C00040140020341400205022002050150020C8
:1075D00080B582B000AF78607B68082283F82720EE
:1075E0007B6893F824207B6883F825207B6893F8D8
:1075F00025207B6883F826207B6893F920301A4683
:107600007B685A847B6800225A637B6800229A63F5
:107610007A6892F8283023F0010382F828307A68DB
:1076200092F8283023F0020382F828307B68002289
:10763000DA637B6800225A667868FFF763FF00BF51
:107640000837BD4680BD80B582B000AF78607B68EA
:10765000012283F8272079680648FFF795FE034644
:10766000002B02D0044A7B68136000BF0837BD4678
:1076700080BD00BF401400203C14002080B582B0C3
:1076800000AF786079680948FFF7B6FE084B1B68C1
:107690007A689A4205D10548FFF753FE0346044A2B
:1076A000136000BF0837BD4680BD00BF40140020F6
:1076B0003C14002080B584B000AF786039607B68EE
:1076C00093F82730012B0FD179681748FFF794FE04
:1076D0003B68DAB27B6883F8262079681248FFF7A6
:1076E00053FEFFF7F7FE1AE07B6893F82630FB6045
:1076F0003B68DAB27B6883F826207B6893F82730F2
:1077000003F00203002B0AD07B68DB6A5B68002B66
:1077100005D07B68DB6A5B68F9687868984700BFCA
:107720001037BD4680BD00BF4014002080B582B038
:1077300000AF786079680448FFF7B2FEFFF7CAFE31
:1077400000BF0837BD4680BD4014002080B500AFA3
:10775000074B1B68002B09D00648FFF70AFE0346BB
:1077600019460448FFF79CFEFFF7B4FE00BF80BD3A
:107770003C1400204014002080B483B000AF786037
:1077800039603B685A687B685A607B683A681A605F
:107790003B685B687A681A603B687A685A6000BF29
:1077A0000C37BD4680BC704780B483B000AF7860B2
:1077B0007B681B687A689A4209D07B685B687A6844
:1077C00012681A607B681B687A6852685A6000BF4A
:1077D0000C37BD4680BC704780B485B000AF786080
:1077E0007B681B687A689A4201D100230BE07B68B2
:1077F0001B68FB60FB681A687B681A60FB681B6883
:107800007A685A60FB6818461437BD4680BC7047DA
:1078100080B582B000AF78607B681846FFF7C4FF80
:1078200000BF0837BD4680BD80B400AF054B1B6864
:10783000002BCCBF01230023DBB21846BD4680BC21
:10784000704700BF1026002080B483B000AF03460D
:10785000FB71FB7903F00703002B14BF0123002306
:10786000DBB218460C37BD4680BC704780B582B08D
:1078700000AF78607B684C331846FFF7C9FF7B6820
:107880001846FFF791FF00BF0837BD4680BD80B4A2
:1078900085B000AF786039607B689B69FB603A68AF
:1078A000FB685A627B68DB681A46FB689A6200BF15
:1078B0001437BD4680BC704780B485B000AF786097
:1078C000094B1B687A689A4209D1EFF31483FB6075
:1078D000FB6823F00403FB60FB6883F3148800BF9C
:1078E0001437BD4680BC70473814002080B588B07E
:1078F00000AF786041F221333B617B685A683B6995
:10790000DB431340002B02D06FF00A0390E07B684A
:107910001B69002B02DA6FF0100389E07B68DB68DB
:10792000002B03DD7B68DB68202B02DD6FF010038A
:107930007EE07B685B6803F02003002B0CD07B6843
:107940001B69FB61FB697F2B02DC6FF010036FE0AA
:107950007B685B69BB6115E07B681B698033FB61F9
:10796000FB690733002B00DA0733DB10DB00FB6118
:10797000F869FCF77FFCB861BB69002B02D16FF09E
:10798000200355E004F03AFBF8602B48FFF724FF92
:10799000B860BB68002B03D16FF021037B6128E046
:1079A0007B681A68BB68DA607B685A68BB681A61D2
:1079B0007B689A68BB685A617B68DB68DBB2013B15
:1079C000DAB2BB6883F82420BB68FA69DA61FB6924
:1079D000BA691A44BB681A66BB68012283F8202082
:1079E000BB6801225A84B868FFF7F2FDBB689B6848
:1079F0007B61FB68002B0BD1104B1A68104B1B6886
:107A00009A4205D00F4B1B68002B01D104F02CFECD
:107A1000F86804F0DBFA7B69002B08DA7B685B68A6
:107A200003F02003002B02D1B869FCF7CAFC7B6984
:107A300018462037BD4680BD502200203814002053
:107A40003C1400203414002080B584B000AF78606E
:107A50007B681B6903F02003002B09D17B681A6E39
:107A60007B68DB695B421344FB60F868FCF7A9FCA8
:107A70007B6806491846FFF77FFE7B68002283F883
:107A8000272000BF1037BD4680BD00BF5022002018
:107A900080B586B000AF786000237B61FFF7C4FE3D
:107AA0000346002B09D12E4B1B68002B05D07B68A9
:107AB000002B02D16FF028034DE07B68002B02DD24
:107AC0007B68202B02DD6FF0110344E0FFF7ACFE72
:107AD0000346002B0CD1224B1B68002B08D0204BF7
:107AE0001B689B687A689A4202D16FF0280332E0E3
:107AF0007B68013B682202FB03F31A4A13443B6193
:107B000004F07CFAF8603B6993F82730FB72FB7A4B
:107B1000082B0AD0FB7A002B03D16FF029037B617D
:107B200006E06FF028037B6102E03869FFF78CFF05
:107B3000FB68002B0BD10A4B1A680B4B1B689A424F
:107B400005D00A4B1B68002B01D104F08DFDF868AD
:107B500004F03CFA7B6918461837BD4680BD00BF6B
:107B600038140020501500203C140020341400204C
:107B700080B586B000AF7860396000237B61FFF785
:107B800053FE0346002B09D12F4B1B68002B05D059
:107B90007B68002B02D16FF0280351E07B68002B3B
:107BA00002DD7B68202B02DD6FF0110348E0FFF758
:107BB0003BFE0346002B0CD1234B1B68002B08D047
:107BC000214B1B689B687A689A4202D16FF02803A8
:107BD00036E07B68013B682202FB03F31B4A134437
:107BE0003B6104F00BFAF8603B6993F82730FB72B5
:107BF000FB7A082B0AD0FB7A002B03D16FF0290304
:107C00007B610AE06FF028037B6106E03968386920
:107C1000FFF73DFE3869FFF716FDFB68002B0BD11F
:107C2000094B1A680A4B1B689A4205D0094B1B681E
:107C3000002B01D104F018FDF86804F0C7F97B6946
:107C400018461837BD4680BD381400205015002056
:107C50003C1400203414002080B584B000AF78605C
:107C60007B6893F82730FB73FB7B012B03D178688B
:107C7000FFF704FD11E0FB7B03F00203002B0CD0A7
:107C80007868FFF7F3FD7B68DB6A9B68002B04D004
:107C90007B68DB6A9B68786898477868FEF7D8FB52
:107CA0007868FFF709FE00BF1037BD4680BD80B57C
:107CB00088B000AFFFF7B8FD0346002B03D1184B87
:107CC0001B68002B03D11748F8F794FAFEE7164B10
:107CD0001B68002B0DD1FFF7A7FD0346002B08D131
:107CE0000F4B1B68002B04D004F07CF90346002BDB
:107CF00002D00E48F8F77EFA04F080F9084B1B68B2
:107D00001846FFF7A9FF064B1B681846FFF760FCF3
:107D100004F092FC3B795BB23B712037BD4680BDDD
:107D200038140020A8FC000034140020D8FC000007
:107D300080B500AFFFF778FD0346002B03D1164B4B
:107D40001B68002B03D11548F8F754FA22E0144BB6
:107D50001B68002B0DD1FFF767FD0346002B08D1F0
:107D60000D4B1B68002B04D004F03CF90346002B9C
:107D700002D00C48F8F73EFA04F040F9064B1B68B5
:107D80001846FFF769FF044B1B681846FFF75CFEB7
:107D900004F052FC80BD00BF3814002008FD000034
:107DA0003414002038FD000080B586B000AF786044
:107DB00000237B61FFF738FD0346002B09D1374BC9
:107DC0001B68002B05D07B68002B02D16FF02803C5
:107DD00060E07B68002B02DD7B68202B02DD6FF00A
:107DE000110357E0FFF720FD0346002B0CD12B4B6E
:107DF0001B68002B08D0294B1B689B687A689A4245
:107E000002D16FF0280345E07B68013B682202FB4A
:107E100003F3234A13443B6104F0F0F8F8603B6934
:107E200093F82730FB72FB7A1846FFF70DFD0346E7
:107E3000002B0AD1FB7A002B03D16FF029037B6161
:107E400015E06FF028037B6111E03B6993F828305F
:107E500003F00203DBB2002B03D06FF028037B6139
:107E600005E03869FFF7F8FE3869FFF7B1FBFB68FA
:107E7000002B0BD1094B1A680A4B1B689A4205D09C
:107E8000094B1B68002B01D104F0EEFBF86804F0ED
:107E90009DF87B6918461837BD4680BD3814002010
:107EA000501500203C1400203414002080B586B00A
:107EB00000AF78603960FFF7B7FC0346002B06D1AE
:107EC000374B1B68002B02D07B68002B08D07B68E7
:107ED000002B02DD7B68202B02DD6FF011035BE0DD
:107EE0003B68002B08D03B68002B02DD3B68202B51
:107EF00002DD6FF010034FE07B68002B08D07B6839
:107F0000013B682202FB03F3264A13447B6102E033
:107F1000234B1B687B6104F071F8B8607B6993F8B0
:107F20002730002B03D16FF02903FB6021E03B6871
:107F3000002B04D17B6993F824303B6102E03B685D
:107F4000013B3B6139697869FEF7C5FAF860FB6867
:107F5000002B0DDB3B69DAB27B6983F82520FB68D7
:107F60003B6139697869FFF7A5FB0023FB6000E0FE
:107F700000BFBB68002B0BD1094B1A680A4B1B686A
:107F80009A4205D0094B1B68002B01D104F06CFB11
:107F9000B86804F01BF8FB6818461837BD4680BD6A
:107FA00038140020501500203C1400203414002008
:107FB00080B584B000AF78607B68002B08D07B6808
:107FC000002B02DD7B68202B02DD6FF0100331E017
:107FD00004F014F8F8607B68002B13D1FFF724FC41
:107FE0000346002B03D1154B1B68002B02D1FFF772
:107FF000ADFB0CE0114B1B6893F826301846FFF7D9
:1080000095FB04E07B68013B1846FFF78FFBFB689C
:10801000002B0BD1094B1A68094B1B689A4205D0FB
:10802000084B1B68002B01D104F01EFBF86803F01D
:10803000CDFF002318461037BD4680BD3814002000
:108040003C1400203414002080B400AF064B1B68A1
:10805000002B03D0044B1B689B6800E000231846EC
:10806000BD4680BC704700BF3814002080B586B084
:1080700000AF7860396000233B61FFF7D5FB034612
:10808000002B06D13F4B1B68002B02D07B68002BD6
:1080900008D07B68002B02DD7B68202B02DD6FF0AF
:1080A00011036AE07B68002B08D07B68013B6822E3
:1080B00002FB03F3344A13447B6102E0314B1B683B
:1080C0007B61202200213868F8F756FE03F096FF06
:1080D000F8607B6993F82730FB72FB7A002B03D1A1
:1080E0006FF029033B6135E0FB7A012B08D1254B6A
:1080F0001B687A699A4203D13B680122DA6003E087
:10810000FB7A5A003B68DA60FB7A03F00203002B2B
:1081100008D07B69DB6A1A683B681A617B691A6B55
:108120003B685A617B69DA683B681A607B6993F83F
:1081300026305A1C3B685A607B6993F825305A1CDC
:108140003B689A607B695A6B3B689A617B699A6B62
:108150003B68DA61FB68002B0BD10A4B1A680B4BAA
:108160001B689A4205D00A4B1B68002B01D104F012
:108170007BFAF86803F02AFF3B6918461837BD46BA
:1081800080BD00BF38140020501500203C14002092
:108190003414002080B586B000AF786000237B6186
:1081A000FFF742FB0346002B09D1274B1B68002B2E
:1081B00005D07B68002B02D16FF028033FE07B687D
:1081C000002B02DD7B68202B02DD6FF0110336E00F
:1081D0007B68013B682202FB03F31C4A13443B61AA
:1081E00003F00CFFF8603B6993F82730FB72FB7AD1
:1081F00003F00203002B0AD1FB7A002B03D16FF0AE
:1082000029037B6108E06FF028037B6104E06FF0D5
:108210003001386901F003FEFB68002B0BD10A4BDB
:108220001A680B4B1B689A4205D00A4B1B68002B3F
:1082300001D104F019FAF86803F0C8FE7B6918460A
:108240001837BD4680BD00BF3814002050150020EF
:108250003C1400203414002080B483B000AF786058
:108260007B687A681A607B687A685A6000BF0C374E
:10827000BD4680BC704780B400AF054B1B68002B27
:10828000CCBF01230023DBB21846BD4680BC70473B
:108290001026002080B483B000AF0346FB71FB7949
:1082A00003F00703002B14BF01230023DBB21846A1
:1082B0000C37BD4680BC704780B586B000AF786093
:1082C00000237B61FFF7D7FF0346002B09D1464B04
:1082D0001B68002B05D07B68002B02D16FF02803B0
:1082E0007EE07B68002B02DD7B68202B02DD6FF0D7
:1082F000110375E0FFF7BFFF0346002B0CD13A4B8B
:108300001B68002B08D0384B1B689B687A689A4220
:1083100002D16FF0280363E07B68013B682202FB17
:1083200003F3324A13443B6103F068FEF8603B6993
:1083300093F82730FB72FB7A1846FFF7ABFF034632
:10834000002B0AD1FB7A002B03D16FF029037B614C
:1083500033E06FF028037B612FE0234B1B683A6901
:108360009A4207D1224B1B68012B03DD6FF01803E3
:108370007B6122E03B699B6B6FF00042934203D12B
:108380006FF02A037B6118E03B699B6B5A1C3B69C9
:108390009A63FB7A012B07D13869FFF76FF93B69C4
:1083A000042283F8272008E0FB7A022B04D13B69E2
:1083B000062283F8272000E000BFFB68002B0BD1CA
:1083C000094B1A680B4B1B689A4205D0084B1B6877
:1083D000002B01D104F048F9F86803F0F7FD7B6940
:1083E00018461837BD4680BD3814002050150020AF
:1083F000341400203C14002080B586B000AF7860B3
:1084000000237B61FFF737FF0346002B09D1444B64
:108410001B68002B05D07B68002B02D16FF028036E
:1084200079E07B68002B02DD7B68202B02DD6FF09A
:10843000110370E0FFF71FFF0346002B0CD1384BF0
:108440001B68002B08D0364B1B689B687A689A42E1
:1084500002D16FF028035EE07B68013B682202FBDB
:1084600003F3304A13443B6103F0C8FDF8603B69F5
:1084700093F82730082B15D0082B32DC062B22D09E
:10848000062B2EDC042B11D0042B2ADC002B05D06C
:10849000002B26DB013B012B23D803E06FF02903DF
:1084A0007B6125E06FF028037B6121E03B699B6BDA
:1084B0005A1E3B699A633B699B6B002B15D1386947
:1084C000FFF7C1F811E03B699B6B5A1E3B699A6349
:1084D0003B699B6B002B0AD13B69022283F8272062
:1084E00005E06FF004037B6102E000BF00E000BF25
:1084F000FB68002B0BD10A4B1A680B4B1B689A4286
:1085000005D00A4B1B68002B01D104F0ADF8F868C8
:1085100003F05CFD7B6918461837BD4680BD00BF7F
:1085200038140020501500203C1400203414002082
:1085300080B586B000AF786000237B61FFF79BFEBB
:108540000346002B09D13C4B1B68002B05D07B68F0
:10855000002B02D16FF028036AE07B68002B02DD5C
:108560007B68202B02DD6FF0110361E0FFF783FED3
:108570000346002B0CD1304B1B68002B08D02E4B30
:108580001B689B687A689A4202D16FF028034FE01B
:108590007B68013B682202FB03F3284A13443B61DA
:1085A00003F02CFDF8603B6993F82730082B15D0B9
:1085B000082B26DC062B1CD0062B22DC042B11D02A
:1085C000042B1EDC002B05D0002B1ADB013B012BFA
:1085D00017D803E06FF029037B6116E06FF02803E2
:1085E0007B6112E03B6900229A633869FFF72BF840
:1085F0000BE03B6900229A633B69022283F8272043
:1086000003E06FF004037B6100BFFB68002B0BD11C
:10861000094B1A680A4B1B689A4205D0094B1B6824
:10862000002B01D104F020F8F86803F0CFFC7B693F
:1086300018461837BD4680BD38140020501500205C
:108640003C1400203414002080B584B000AF786062
:108650000023BB607B68B3F1FF3F02DA6FF01003C9
:1086600051E02B4B1B68002B0DD1FFF704FE034696
:10867000002B08D1274B1B68002B04D003F0B2FC61
:108680000346002B02D06FF018033CE003F0B6FC69
:10869000F860204B1B685B6B002B05DD1D4B1B68D6
:1086A0005A6B013A5A631BE06FF03103BB607B6881
:1086B000002B15D0174B1B68174ADA62154B1B6845
:1086C00000221A63134B1B6807F10802DA630021CA
:1086D000786801F0D7FB0F4B1B681846FFF7BCFD0D
:1086E000FB68002B0BD10B4B1A680C4B1B689A4292
:1086F00005D0074B1B68002B01D103F0B5FFF868CC
:1087000003F064FCBB6818461037BD4680BD00BF4F
:10871000341400203814002068FD00003C140020B0
:1087200080B586B000AF786000237B61FFF7A3FDC2
:108730000346002B09D13D4B1B68002B05D07B68FD
:10874000002B02D16FF028036BE07B68002B02DD69
:108750007B68202B02DD6FF0110362E0FFF78BFDD9
:108760000346002B0CD1314B1B68002B08D02F4B3C
:108770001B689B687A689A4202D16FF0280350E028
:108780007B68013B682202FB03F3294A13443B61E7
:1087900003F034FCF8603B6993F82730FB72FB7AF6
:1087A0001846FFF777FD0346002B0AD1FB7A002B12
:1087B00003D16FF029037B6120E06FF028037B6118
:1087C0001CE0FB7A03F00203002B08D03B69DB6A54
:1087D000184A934203D1386901F002FB0EE03B696D
:1087E0005B6B6FF00042934203D16FF02A037B6111
:1087F00004E03B695B6B5A1C3B695A63FB68002BC6
:108800000BD10A4B1A680C4B1B689A4205D00B4BD4
:108810001B68002B01D103F027FFF86803F0D6FB9B
:108820007B6918461837BD4680BD00BF381400204C
:108830005015002068FD00003C1400203414002076
:1088400080B586B000AF786000233B61FFF713FD71
:108850000346002B06D1274B1B68002B02D07B68F8
:10886000002B08D07B68002B02DD7B68202B02DD0B
:108870006FF011033AE07B68002B08D07B68013B66
:10888000682202FB03F31C4A13447B6102E0194B8C
:108890001B687B6103F0B2FBF8607B6993F82730BB
:1088A000002B02D0082B04D007E06FF029033B61B6
:1088B00009E06FF028033B6105E07B695B6B3B617E
:1088C0007B6900225A63FB68002B0BD1094B1A68A5
:1088D0000A4B1B689A4205D0094B1B68002B01D13B
:1088E00003F0C2FEF86803F071FB3B6918461837C5
:1088F000BD4680BD38140020501500203C140020D7
:108900003414002080B584B000AF78600023BB60D1
:108910007B68002B02DA6FF0100343E0234B1B68E7
:10892000002B0DD1FFF7A7FC0346002B08D1204BED
:108930001B68002B04D003F055FB0346002B02D02C
:108940006FF018032EE07B68002B2AD003F056FB53
:10895000F860174B1B68174ADA62154B1B68002238
:108960001A63134B1B6807F10802DA630021786869
:1089700001F0BAFA0E4B1B681846FFF76DFCFB6856
:10898000002B0BD10A4B1A680B4B1B689A4205D07F
:10899000064B1B68002B01D103F066FEF86803F05C
:1089A00015FBBB6818461037BD4680BD3414002047
:1089B0003814002074FD00003C14002080B483B003
:1089C00000AF78607B687A681A607B687A685A6062
:1089D00000BF0C37BD4680BC704780B483B000AF89
:1089E000786039603B685A687B685A607B683A688F
:1089F0001A603B685B687A681A603B687A685A60FC
:108A000000BF0C37BD4680BC704780B483B000AF58
:108A100078607B681B687A689A4209D07B685B68DB
:108A20007A6812681A607B681B687A6852685A60B4
:108A300000BF0C37BD4680BC704780B485B000AF26
:108A400078607B681B687A689A4201D100230BE04A
:108A50007B681B68FB60FB681A687B681A60FB68B0
:108A60001B687A685A60FB6818461437BD4680BC9C
:108A700070472DE9B00F85B000AF78607B681B6848
:108A8000DA179A4693464FF000024FF00003534620
:108A900000227968496800200C46054642EA04082D
:108AA00043EA0509C7E90289D7E9022310461946B6
:108AB0001437BD46BDE8B00F704780B487B000AF33
:108AC000F860C7E90023D7E900014FF000024FF03A
:108AD00000030A00CB1713463B613B687B61FB68D0
:108AE0001A4607F1100393E8030082E80300F868D0
:108AF0001C37BD4680BC704780B483B000AF78603F
:108B000039607A683B68D31ADB43DB0FDBB2184667
:108B10000C37BD4680BC704780B582B000AF78602E
:108B20007B681846FFF771FF00BF0837BD4680BD60
:108B300080B400AF044B1B680133034A136000BFCD
:108B4000BD4680BC704700BF1026002080B400AF37
:108B5000044B1B68013B034A136000BFBD4680BC49
:108B6000704700BF1026002080B584B000AF786049
:108B7000134BD3E900231346BB607B68DA697B683B
:108B80001B691344FB60F968B868FFF7B5FF03463B
:108B9000002B10D07B68DB69BA68D21A7B681B692E
:108BA000B2FBF3F301337A68126903FB02F27B68CC
:108BB000DB691344FB60FB6818461037BD4680BD77
:108BC0002824002080B582B000AF786039607B68CF
:108BD00003F114007B68044A396800F093FF00BF7A
:108BE0000837BD4680BD00BFF58E000080B584B05B
:108BF00000AF78603960094BD3E900233B68134428
:108C00000A33FB607B6803F110007B68044AF96853
:108C100000F078FF00BF1037BD4680BD282400203B
:108C20002D940000B0B584B000AF78607B681B68FD
:108C3000002B02DA6FF0100321E003F0DFF9F86097
:108C40007868FFF716FF104BD3E90023841A61EB15
:108C500003050E4BC3E90045FB68002B0BD10C4B01
:108C60001A680C4B1B689A4205D00B4B1B68002BF3
:108C700001D103F0F9FCF86803F0A8F900231846C5
:108C80001037BD46B0BD00BF28240020302400208E
:108C9000381400203C14002034140020F0B587B0B4
:108CA00000AFF86003F0AAF97861164BD3E9000130
:108CB000154BD3E90023841841EB0305FE683946C0
:108CC00022462B460846FFF7F8FE32463B4693E81D
:108CD000030082E803007B69002B0BD10B4B1A6861
:108CE0000B4B1B689A4205D00A4B1B68002B01D125
:108CF00003F0BAFC786903F069F9002318461C37C1
:108D0000BD46F0BD28240020302400203814002067
:108D10003C140020341400202DE9B04386B000AF8D
:108D200078607B681B68002B02DA6FF010032CE080
:108D30007868FFF79EFE02460B46164912EB0108C3
:108D400043F16E09C7E9048903F058F9F860124B42
:108D5000D3E90023D7E90401841A61EB03050F4B23
:108D6000C3E90045FB68002B0BD10D4B1A680D4B76
:108D70001B689A4205D00C4B1B68002B01D103F0F5
:108D800073FCF86803F022F9002318461837BD4633
:108D9000BDE8B0830004FB372824002030240020E5
:108DA000381400203C140020341400202DE9B04376
:108DB00088B000AFF86003F021F9F8611B4BD3E9EC
:108DC00000011B4BD3E90023841841EB0305C7E9DD
:108DD0000445FB69002B0BD1164B1A68164B1B6818
:108DE0009A4205D0154B1B68002B01D103F03CFCC7
:108DF000F86903F0EBF8D7E90423114912EB0108F5
:108E000063F16E09FC68394642464B460846FFF757
:108E100054FE22463B4693E8030082E80300002309
:108E200018462037BD46BDE8B08300BF2824002087
:108E300030240020381400203C140020341400207A
:108E400000FC04C890B587B000AFF86003F0D6F816
:108E50007861124BD3E90023FC6839460846FFF7D6
:108E60002CFE22463B4693E8030082E803007B6920
:108E7000002B0BD10A4B1A680A4B1B689A4205D08B
:108E8000094B1B68002B01D103F0EEFB786903F05E
:108E90009DF8002318461C37BD4690BD28240020AD
:108EA000381400203C1400203414002080B582B017
:108EB00000AF0D48FFF782FD0C4B3B600C4B7B6015
:108EC00009E07B6800229A6007497868FFF785FD12
:108ED0007B6828337B607A683B689A42F1D3002331
:108EE00018460837BD4680BDF8220020F822002031
:108EF0005822002080B582B000AF78607868FFF714
:108F000033FE034619467868FFF75CFE002003F045
:108F10005DF87B689B687A6812681046984703F092
:108F20006DF800BF0837BD4680BD80B582B000AF88
:108F300078607868FFF718FE034619467868FFF7EF
:108F400041FEFFF7F5FD7B689B687A681268104662
:108F50009847FFF7FBFD00BF0837BD4680BD80B5D1
:108F600088B000AF78600723BB610023FB617B689A
:108F70005A68BB69DB431340002B02D06FF00A0331
:108F800075E07B689B68002B02D16FF010036EE0E8
:108F90007B68DB68002B02D16FF0100367E07B6811
:108FA000DB68002B02DA6FF0100360E003F026F8B4
:108FB00078613148FFF741FD38613B69002B03D1EF
:108FC0006FF02103FB613FE07B681A683B691A6020
:108FD0007B685A683B695A607B689A683B699A600B
:108FE0007B68DA683B691A61244BD3E900237B680C
:108FF0001B6913440A33FB607B685B6803F0020360
:10900000002B12D03B690122DA607B681B69002BC0
:1090100006D13B69FA68DA613869FFF786FF0AE032
:10902000F9683869FFF7CEFD05E03B690022DA6098
:109030003B69FA68DA613B69114A9B1ADB10114AF5
:1090400002FB03F30133FB617B69002B0BD10E4B59
:109050001A680E4B1B689A4205D00D4B1B68002BFB
:1090600001D103F001FB786902F0B0FFFB691846FB
:109070002037BD4680BD00BFF822002028240020F4
:1090800058220020CDCCCCCC381400203C14002039
:109090003414002080B586B000AF786000237B6177
:1090A0007B68002B02DD7B68042B02DD6FF011036F
:1090B00038E07B685A1E13469B001344DB001B4AB2
:1090C00013443B6102F09AFFF8603B699B68002BF8
:1090D00003D16FF029037B6111E03B69DB6803F08A
:1090E0000103002B04D03B6914331846FFF714FD2D
:1090F0000F493869FFF771FC3B6900229A60FB68F1
:10910000002B0BD10B4B1A680B4B1B689A4205D0F6
:109110000A4B1B68002B01D103F0A6FAF86802F095
:1091200055FF7B6918461837BD4680BD5822002080
:10913000F8220020381400203C14002034140020B1
:1091400080B588B000AF78600023BB617B68002BDE
:1091500002DD7B68042B02DD6FF0110365E07B68A4
:109160005A1E13469B001344DB00324A13447B61B2
:1091700002F044FF38617B699B68002B03D16FF0DC
:109180002903BB613EE02C4BD3E900231346FB606F
:109190007B695B6803F00403002B18D07B69DB68F4
:1091A00003F00103002B27D17B69DB69FB61F969BF
:1091B000F868FFF7A1FC0346002B03D07869FFF79E
:1091C000D3FCF861F9697869FFF7FCFC14E07B696E
:1091D000DB6803F00103002B04D07B6914331846CD
:1091E000FFF79AFC7B691A69FB6813440A33FB6139
:1091F000F9697869FFF7E6FC7B69DB6843F00102F7
:109200007B69DA603B69002B0BD10C4B1A680C4B65
:109210001B689A4205D00B4B1B68002B01D103F051
:1092200023FA386902F0D2FEBB6918462037BD46E2
:1092300080BD00BF582200202824002038140020C0
:109240003C1400203414002080B586B000AF786054
:1092500000237B617B68002B02DD7B68042B02DD31
:109260006FF0110337E07B685A1E13469B001344CE
:10927000DB001B4A13443B6102F0C0FEF8603B690F
:109280009B68002B03D16FF029037B6110E03B69E1
:10929000DB6803F00103002B04D03B69143318464C
:1092A000FFF73AFC3B69DB6823F001023B69DA60B7
:1092B000FB68002B0BD10B4B1A680B4B1B689A42B7
:1092C00005D00A4B1B68002B01D103F0CDF9F868DB
:1092D00002F07CFE7B6918461837BD4680BD00BF92
:1092E00058220020381400203C14002034140020A0
:1092F00080B588B000AF786039600023BB617B68BF
:10930000002B02DD7B68042B02DD6FF011035BE0B4
:109310007B685A1E13469B001344DB002C4A1344FF
:109320007B6102F06BFE38617B699B68002B03D187
:109330006FF02903BB6134E07B69DB69FB61254B7E
:10934000D3E900231346FB607B69DB6803F001036C
:10935000002B0AD1F969F868FFF7CEFB0346002B12
:1093600003D07869FFF700FCF861FB680A33F969FC
:109370001846FFF7C1FB0346002B02D00023FB6118
:1093800004E0FA69FB68D31A0A3BFB617B691A683F
:109390003B681A603B68FA695A607B69DA683B6827
:1093A0009A603B69002B0BD10B4B1A680B4B1B6867
:1093B0009A4205D00A4B1B68002B01D103F054F9E7
:1093C000386902F003FEBB6918462037BD4680BDF0
:1093D0005822002028240020381400203C140020AB
:1093E0003414002080B582B000AF0D48FFF7E6FAD4
:1093F0000C4B3B600C4B7B6009E07B6800229A6061
:1094000007497868FFF7E9FA7B6824337B607A685C
:109410003B689A42F1D3002318460837BD4680BD09
:1094200020240020202400200023002080B582B0CA
:1094300000AF78607B68DB6823F001027B68DA604C
:10944000002002F0C3FD7B689B687A6812681046B2
:10945000984702F0D3FD00BF0837BD4680BD80B5F8
:1094600086B000AF786001233B6100237B617B689D
:109470005A683B69DB431340002B02D06FF00A03AC
:109480003FE07B689B68002B02D16FF0100338E04F
:1094900002F0B4FDF8601D48FFF7CFFAB860BB6872
:1094A000002B03D16FF021037B6117E07B681A6802
:1094B000BB681A607B685A68BB685A607B689A68A8
:1094C000BB689A60BB680022DA60BB68104A9B1ACE
:1094D0009B10104A02FB03F301337B61FB68002BF6
:1094E0000BD10D4B1A680D4B1B689A4205D00C4BE3
:1094F0001B68002B01D103F0B7F8F86802F066FD95
:109500007B6918461837BD4680BD00BF2024002067
:1095100000230020398EE338381400203C1400204A
:109520003414002080B586B000AF786000237B61E2
:109530007B68002B02DD7B68082B02DD6FF01103D6
:1095400038E07B685A1E1346DB0013449B001B4A1D
:1095500013443B6102F052FDF8603B699B68002BAD
:1095600003D16FF029037B6111E03B69DB6803F0F5
:109570000103002B04D03B6910331846FFF7CCFAE7
:109580000F493869FFF729FA3B6900229A60FB68A6
:10959000002B0BD10B4B1A680B4B1B689A4205D062
:1095A0000A4B1B68002B01D103F05EF8F86802F04B
:1095B0000DFD7B6918461837BD4680BD002300208D
:1095C00020240020381400203C14002034140020F3
:1095D00080B582B000AF78607B68DB6823F0010261
:1095E0007B68DA60FFF7A4FA7B689B687A68126888
:1095F00010469847FFF7AAFA00BF0837BD4680BD5E
:1096000080B586B000AF7860396000237B617B68ED
:10961000002B02DD7B68082B02DD6FF0110348E0B0
:109620003B68002B02DA6FF0100342E07B685A1EA1
:109630001346DB0013449B00204A13443B6102F0B5
:10964000DDFCF8603B699B68002B03D16FF02903B8
:109650007B611BE03B69DB6803F00103002B04D056
:109660003B6910331846FFF757FA3B68002B0AD0C6
:1096700039683869FFF7BAFA3B69DB6843F00102E1
:109680003B69DA6002E03869FFF7A2FFFB68002B54
:109690000BD10B4B1A680B4B1B689A4205D00A4B37
:1096A0001B68002B01D102F0DFFFF86802F08EFC8E
:1096B0007B6918461837BD4680BD00BF00230020D7
:1096C000381400203C1400203414002080B586B0EB
:1096D00000AF786000237B617B68002B02DD7B6834
:1096E000082B02DD6FF0110337E07B685A1E13462A
:1096F000DB0013449B001B4A13443B6102F07EFCD9
:10970000F8603B699B68002B03D16FF029037B61F4
:1097100010E03B69DB6803F00103002B0AD03B69D2
:1097200010331846FFF7F8F93B69DB6823F00102B4
:109730003B69DA60FB68002B0BD10B4B1A680B4BB3
:109740001B689A4205D00A4B1B68002B01D102F01E
:109750008BFFF86802F03AFC7B6918461837BD4663
:1097600080BD00BF00230020381400203C140020DE
:109770003414002080B588B000AF786039600023D1
:10978000BB617B68002B02DD7B68082B02DD6FF07C
:10979000110353E07B685A1E1346DB0013449B0001
:1097A000284A13447B6102F029FC38617B699B687D
:1097B000002B03D16FF02903BB612CE0224BD3E9CE
:1097C00000231346FB607B69DB6803F00103002B79
:1097D00014D07B699B69FB61FB680A33F969184601
:1097E000FFF78AF90346002B02D00023FB6107E054
:1097F000FA69FB68D31A0A3BFB6101E00023FB61B5
:109800007B691A683B681A603B68FA695A607B6931
:10981000DA683B689A603B69002B0BD10B4B1A68E6
:109820000B4B1B689A4205D00A4B1B68002B01D1D9
:1098300002F01AFF386902F0C9FBBB6918462037ED
:10984000BD4680BD002300202824002038140020BD
:109850003C1400203414002080B483B000AF786042
:1098600039607B683A681A6000BF0C37BD4680BC1F
:10987000704780B483B000AF78607B681B6818467F
:109880000C37BD4680BC704780B483B000AF7860B1
:109890007B687A681A607B687A685A6000BF0C3708
:1098A000BD4680BC704780B483B000AF78607B68F1
:1098B0001B687A689A420CBF01230023DBB218466A
:1098C0000C37BD4680BC704780B483B000AF786071
:1098D00039603B685A687B685A607B683A681A60EE
:1098E0003B685B687A681A603B687A685A6000BFB8
:1098F0000C37BD4680BC704780B483B000AF786041
:109900007B681B687A689A4209D07B685B687A68D2
:1099100012681A607B681B687A6852685A6000BFD8
:109920000C37BD4680BC704780B483B000AF786010
:1099300039607A683B68D31ADB43DB0FDBB2184629
:109940000C37BD4680BC704780B582B000AF02F0D6
:1099500055FB786006210A48FFF77EFF094B3B6004
:1099600039680948FFF778FF07210548FFF774FFBA
:10997000786802F02BFB00BF0837BD4680BD00BFF2
:1099800010E000E0FFC3090014E000E080B500AF84
:109990000448FFF76EFF4FF000710348FFF75CFFCC
:1099A00000BF80BD10E000E004ED00E080B400AF37
:1099B00000BFBD4680BC704780B500AF00210248A3
:1099C000FFF74AFF00BF80BD10E000E080B500AFA8
:1099D0000A494FF000024FF00003C1E90023074B92
:1099E000D3E900230649C1E900230648FFF74CFFED
:1099F000FFF7AAFF0023184680BD00BF30240020D7
:109A0000282400203824002080B500AFFFF7D4FFC1
:109A100000BF80BD80B584B000AF7860134BD3E940
:109A20000023134603F100430133BB60104B1B6856
:109A3000FB600CE07B689A68BB68D21AFB68996887
:109A4000BB68CB1A9A4207D3FB681B68FB60FB68B4
:109A5000074A9342EED100E000BF7B68F9681846E0
:109A6000FFF732FF00BF1037BD4680BD282400201D
:109A70003824002080B584B000AFF860B9607A6007
:109A80003B60FB687A68DA60FB683A681A61BB6819
:109A9000B3F1FF3F04D1FB681846FFF7F5FE0BE07A
:109AA000074BD3E90023BB68134403F10A02FB68A8
:109AB0009A60F868FFF7AEFF00BF1037BD4680BD63
:109AC0002824002080B584B000AFF860B9607A60C7
:109AD0003B60FB687A68DA60FB683A681A61084B99
:109AE000D3E90023BB68134403F10A02FB689A60C0
:109AF000F868FFF78FFF00BF1037BD4680BD00BF7D
:109B00002824002080B584B000AFF860B9607A6086
:109B10003B60FB687A68DA60FB683A681A61FB6848
:109B2000BA689A60F868FFF775FF00BF1037BD4646
:109B300080BDB0B584B000AFFFF728FF02F05EFA39
:109B4000F860254BD3E9002312F10A0443F1000524
:109B5000214BC3E90045204BD3E900231346BB60EA
:109B600019E01E4B1B687B607B689B681946B868D0
:109B7000FFF7DAFE0346002B14D07B681846FFF788
:109B8000BBFE7B68DB68002B05D07B68DB687A68EE
:109B90001269104698471148FFF785FE0346002BCF
:109BA000DFD000E000BFFB68002B0BD10C4B1A6824
:109BB0000C4B1B689A4205D00B4B1B68002B01D144
:109BC00002F052FDF86802F001FAFFF7EFFE00BF65
:109BD0001037BD46B0BD00BF282400203824002027
:109BE000381400203C1400203414002080B582B0CA
:109BF00000AFFDF7ABFC78607B68002B01DA7B6877
:109C000048E0FDF729F878607B68002B01DA7B6873
:109C100040E0F9F7F3F978607B68002B01DA7B68A4
:109C200038E0F9F780FF78607B68002B01DA7B6809
:109C300030E0FBF7E8FD78607B68002B01DA7B6899
:109C400028E0FCF78DFB78607B68002B01DA7B68ED
:109C500020E0FBF795F878607B68002B01DA7B68E1
:109C600018E0FAF7EBFC78607B68002B01DA7B6880
:109C700010E0FFF71BF978607B68002B01DA7B6846
:109C800008E0FFF7AFFB78607B68002B01DA7B68A8
:109C900000E0002318460837BD4680BD80B483B07D
:109CA00000AF78607B681B687A689A420CBF01231A
:109CB0000023DBB218460C37BD4680BC704780B429
:109CC00083B000AF786039603B685A687B685A603F
:109CD0007B683A681A603B685B687A681A603B6820
:109CE0007A685A6000BF0C37BD4680BC704780B4AC
:109CF00083B000AF78607B681B687A689A4209D0AD
:109D00007B685B687A6812681A607B681B687A688F
:109D100052685A6000BF0C37BD4680BC704780B5A2
:109D200082B000AF78607B681846FFF7E0FF00BFA5
:109D30000837BD4680BD80B588B000AF7860396017
:109D40003B68BB61BB697B617B6893F82630FB7421
:109D50002623FB607B691B68FB6109E0FB68FA69ED
:109D600013441B78FA7C9A4207D3FB691B68FB619A
:109D7000FA69BB699A42F1D100E000BF7B68F969DA
:109D80001846FFF79CFF00BF2037BD4680BD80B559
:109D900082B000AF78607B6893F82730022B03D144
:109DA0007868FDF750FC03E07B68042283F82720E5
:109DB00000BF0837BD4680BD80B582B000AF786077
:109DC0007B684C331846FFF7AAFF7B681846FFF7FD
:109DD0008EFF7868FFF7DBFF00BF0837BD4680BD08
:109DE00080B582B000AF78607868FFF7E5FF7B68E8
:109DF000DB6B00221A6000BF0837BD4680BD80B50E
:109E000082B000AF786039607868FFF7D5FF7B6873
:109E1000DB6B3A681A6000BF0837BD4680BD80B56D
:109E200082B000AF786039607868FFF7C5FF7B6863
:109E3000DB6A9B68002B04D07B68DB6A9B687868D0
:109E400098477B68DB6B3A681A6000BF0837BD46ED
:109E500080BD80B582B000AF78607B681846FFF7A0
:109E600046FF7868FFF793FF7B68DB6A9B68002BEF
:109E700004D07B68DB6A9B687868984700BF083726
:109E8000BD4680BD80B582B000AF78603960144BAC
:109E90001B6893F82730012B02D0042B0BD010E065
:109EA0000F4B1B681846FDF7E9FB0D4B1B680222A0
:109EB00083F8272005E00A4B1B68062283F8272039
:109EC00000BF074B1B6803F14C00054B1B68054A9C
:109ED0007968FFF7CFFD00BF0837BD4680BD00BFE2
:109EE00038140020539E000080B582B000AF786027
:109EF0003960144B1B6893F82730012B02D0042BD8
:109F00000BD010E00F4B1B681846FDF7B7FB0D4B4D
:109F10001B68022283F8272005E00A4B1B680622F3
:109F200083F8272000BF074B1B6803F14C00054B4B
:109F30001B68054A7968FFF7C5FD00BF0837BD46B5
:109F400080BD00BF38140020539E000080B584B04F
:109F500000AF78600AE07B681B68FB60F868FFF779
:109F60002BFFFB68DB6B6FF032021A607868FFF73B
:109F700095FE0346002BEED000BF00BF1037BD4654
:109F800080BD80B582B000AF78607868FFF786FE4C
:109F90000346002B01D0002302E07B681B689B680E
:109FA00018460837BD4680BD80B582B000AF7860E6
:109FB0003960174B1B68DB6B6FF031021A603B682E
:109FC000002B20D0124B1B687A6892681A637B685A
:109FD0001B6919463868FFF755FF7B681B6903F05A
:109FE0000103002B07D00A4B1B687A6811461846FC
:109FF000FFF7A1FE07E0064B1B681A467B6819466F
:10A000001046FFF75CFE00BF0837BD4680BD00BFAD
:10A010003814002080B582B000AF786039603B68AA
:10A020001846FFF764FE7B6819463868FFF783FE21
:10A0300000BF0837BD4680BD80B584B000AF7860F2
:10A0400039607B681846FFF729FE0346002B01D0D4
:10A050003B6815E07B681B68FB607B681B6903F04D
:10A060000103002B01D1FB680AE03B6893F826202E
:10A07000FB6893F826309A4201D23B6800E0FB6807
:10A0800018461037BD4680BD80B582B000AF01F0E4
:10A09000B5FFF6F735F8FAF7EDF978607B68002B35
:10A0A00003DA2548F6F7A6F844E002F08FF8786066
:10A0B0007B68002B03DA2148F6F79CF83AE002F0BF
:10A0C0003FFC78607B68002B03DA1D48F6F792F8B6
:10A0D00030E0FFF78BFD78607B68002B03DA1948CE
:10A0E000F6F788F824E0FFF771FC78607B68002BB6
:10A0F00003DA1548F6F77EF81AE01448FDF7F6FB88
:10A1000078607B68002B0EDB00217868FDF730FD5E
:10A1100078607B68002B02DB02F08EFA06E00C48C8
:10A12000F6F768F802E00B48F6F764F8FFF76CFC06
:10A1300002F0A0F8FEE700BF80FD000098FD0000DF
:10A14000B0FD0000CCFD0000F0FD000058FE000056
:10A1500010FE000034FE000080B500AFFFF754FC95
:10A1600002F088F8FEE700BF80B582B000AFF7F7D5
:10A1700091FD78607B68002B01DA7B6803E002F0D8
:10A180002CF878607B6818460837BD4680BD80B5DE
:10A1900082B000AF786002F03AF87B68002B02DBF7
:10A1A0000748F6F727F87B68002B02DA786802F098
:10A1B00066F8FFF7D1FF00BF0837BD4680BD00BF7E
:10A1C00070FE000080B582B000AF01237B60FFF716
:10A1D000CBFF38603B68002B0BDB002203210A48D1
:10A1E000F6F75AFB7B68002B06DD03F037FA786040
:10A1F00002E00648F5F7FEFF7868FFF7C8FF00BFEA
:10A200000837BD4680BD00BF88FE0000ACFE0000E0
:10A2100080B586B000AFF860B9607A607B681B6B70
:10A22000002B01D1002311E07B6804331846F6F7B8
:10A23000C7FB7B681B6B7A68B968F86898477861D8
:10A240007B6804331846F6F7D1FB7B69184618374C
:10A25000BD4680BD80B586B000AFF860B9607A6059
:10A260007B685B6B002B01D1002311E07B6804331A
:10A270001846F6F7A5FB7B685B6B7A68B968F868E7
:10A28000984778617B6804331846F6F7AFFB7B6923
:10A2900018461837BD4680BD80B586B000AFF8605F
:10A2A000B9607A60FB681B7B03F00F03DBB2012B04
:10A2B00003D17B689B6B7B6102E07B68DB6B7B611E
:10A2C0007B69002B02D16FF008031DE0FB681B695E
:10A2D000002B06DB7B68DB6A002B02DC6FF00803D7
:10A2E00012E07B6804331846F6F780FB7B697968D7
:10A2F000F868984738617B6804331846F6F776FBB0
:10A30000FB683A691A62002318461837BD4680BDBB
:10A3100080B485B000AFF860B9607A603B6000231C
:10A3200018461437BD4680BC704780B485B000AF76
:10A33000F860B9607A603B60002318461437BD4668
:10A3400080BC704780B586B000AFF860B9607A60B5
:10A350007B681B6C002B01D1002311E07B68043368
:10A360001846F6F72DFB7B681B6C7A68B968F868AD
:10A37000984778617B6804331846F6F737FB7B69AA
:10A3800018461837BD4680BDB0B592B000AFF86032
:10A39000B9607A604420F6F7B1FC38643B6C002B5E
:10A3A00003D16FF020037B6454E03B6CFA6803F147
:10A3B000100415460FCD0FC40FCD0FC40FCD0FC421
:10A3C0002B6823603B6C1A1DFB680433194610464A
:10A3D000F6F720FB78647B6C002B37DB3B6C7B61F2
:10A3E000FB681B69BB61FB685B69FB61FB689B6980
:10A3F0003B62FB68DB697B62194BBB62194BFB62FA
:10A40000194B3B63194B7B63194BBB63194BFB63C4
:10A410003B6C143307F11401BA681846F7F7EAF8F1
:10A4200078647B6C002B0ADB3B6C7A6C1A607B686F
:10A43000002B02D07B683A6C1A6000230BE000BF4F
:10A440003B6C04331846F6F723FB00E000BF386C82
:10A45000F6F780FC7B6C18464837BD46B0BD00BFA0
:10A4600011A2000055A2000099A2000011A3000053
:10A470002BA3000045A3000080B584B000AF786036
:10A480007B681433002200211846F7F7B3F8F86010
:10A49000FB68002B09DD7B6804331846F6F7F8FAF1
:10A4A0007868F6F757FC0023FB60FB681846103706
:10A4B000BD4680BD80B485B000AF786039600023B0
:10A4C000FB603B681B69B3F1FF3F15D13B685B69DB
:10A4D000032B05D93B689B697A6892681A6007E08C
:10A4E0003B685B69002B03D06FF01003FB6007E053
:10A4F0003B680422DA6103E06FF01003FB6000BFE9
:10A50000FB6818461437BD4680BC704780B588B0DC
:10A5100002AF7860396000237B613B681B6913F1EF
:10A52000640F18D0B3F1FF3F57D13B685B69032B31
:10A5300005D93B689B691A687B689A6007E03B68AD
:10A540005B69002B03D06FF010037B6149E03B682F
:10A550000422DA6145E03B685B69132B31D93B6823
:10A560009B693B613B695B68002B03DD3B695B6872
:10A57000642B02DD6FF0100334E03B69DB68002BD5
:10A5800003DB3B69DB68642B02DD6FF0100329E01D
:10A590007B6818683B681B691A463B685B6919460B
:10A5A0003B6900930B46042100F0C0FAF860FB6899
:10A5B000002B03DD3B681422DA6112E0FB687B614B
:10A5C0000FE03B685B69002B03D13B681422DA6122
:10A5D00007E06FF010037B6103E06FF010037B6115
:10A5E00000BF7B6918461837BD4680BD80B586B070
:10A5F00002AF786039600023FB603B685B69002B29
:10A6000003DD3B685B69642B02DD6FF0100322E021
:10A610003B685B69002B19D07B6818683B681B6935
:10A620001A463B685B6919463B689B6900930B4679
:10A63000022100F07BFAB860BB68002B03DD3B68A9
:10A64000BA68DA6106E0BB68FB6003E03B685A6900
:10A650003B68DA61FB6818461037BD4680BD80B59F
:10A6600086B002AF786039600023FB603B685B69AD
:10A67000002B03DD3B685B69642B02DD6FF0100388
:10A6800022E03B685B69002B19D07B6818683B6847
:10A690001B691A463B685B6919463B689B690093D6
:10A6A0000B46032100F042FAB860BB68002B03DDC3
:10A6B0003B68BA68DA6106E0BB68FB6003E03B68B0
:10A6C0005A693B68DA61FB6818461037BD4680BDA1
:10A6D00080B588B002AFF860B9607A607B681B69AA
:10A6E0007B617B69BA685A607B69186800230093B4
:10A6F00000230022002100F019FA38613B69184656
:10A700001837BD4680BD80B588B002AFF860B9602B
:10A710007A607B681B697B617B6918680023009302
:10A7200000230022012100F001FA38613B6918463C
:10A730001837BD4680BD80B584B000AF7860396001
:10A740003B681B69BB607B681B69002B05DB796874
:10A75000B868FFF74BFFF86004E07968B868FFF766
:10A76000A9FEF860FB6818461037BD4680BD80B56D
:10A7700084B000AF786039603B681B69BB607B6860
:10A780001B69002B05DB7968B868FFF768FFF86084
:10A7900004E07968B868FFF7B9FEF860FB6818460E
:10A7A0001037BD4680BD80B485B000AFF860B96099
:10A7B0007A606FF0080318461437BD4680BC7047B6
:10A7C00080B594B000AF78607B68002B02D06FF04A
:10A7D000100369E00C20F6F791FAB864BB6C002B0B
:10A7E00002D16FF020035FE031497B68BA6C41F819
:10A7F0002320BB6CBB600023BB610023FB610023F3
:10A800003B6201237B622B4BBB622B4BFB622B4BCE
:10A810003B632B4B7B632B4BBB6307F10803043378
:10A8200029491846F6F71FFB2748F6F70BFB786413
:10A830007B68DBB26133D9B207F10C027B6C134445
:10A840000A461A707B6C013350333B44002203F8F4
:10A85000442C07F13C0207F1400107F108031846B8
:10A86000FFF792FDF864FB6C002B18D1BB6C7A6883
:10A870001A603A6CBB6C9A600D4A7B6852F82330C0
:10A88000184600F013FAF864FB6C002B01D100238A
:10A890000AE000BFFB6B1846FFF7EEFD00E000BFCB
:10A8A000B86CF6F757FAFB6C18465037BD4680BDBA
:10A8B00008260020D1A6000007A7000037A7000047
:10A8C0006FA70000A7A70000C8FE000080B483B0F7
:10A8D00000AF786039607B683A681A6000BF0C3757
:10A8E000BD4680BC704780B483B000AF78607B68A1
:10A8F0001B6818460C37BD4680BC704780B483B0D7
:10A9000000AF00237B6002E07B6801337B607B68E3
:10A910004F2BF9DD00BF00BF0C37BD4680BC704730
:10A9200080B582B000AF00213648FFF7CFFF01218C
:10A930003548FFF7CBFF01213448FFF7C7FF4FF43D
:10A9400080713348FFF7C2FF4FF480313048FFF782
:10A95000BDFFFFF7D3FF00212C48FFF7B7FF00230F
:10A960007B6010E04FF480712A48FFF7AFFFFFF7DC
:10A97000C5FF4FF480712648FFF7A8FFFFF7BEFF21
:10A980007B6801337B607B68112BEBDD01211F4865
:10A99000FFF79CFF4FF480311E48FFF797FFFFF74A
:10A9A000ADFF4FF480711A48FFF790FFFFF7A6FF45
:10A9B0004FF480311648FFF789FFFFF79FFF40F201
:10A9C0000C611148FFF782FF40F20C610F48FFF75E
:10A9D0007DFF08211048FFF779FF10210F48FFF78E
:10A9E00075FF4FF0CC710E48FFF770FF00210D4846
:10A9F000FFF76CFF06210348FFF768FF00BF083729
:10AA0000BD4680BD00350040200700504007005083
:10AA1000080500500C050050083500400C3500407A
:10AA2000243500400032004080B500AF00211048BE
:10AA3000FFF74CFF00210F48FFF748FF00210E48A9
:10AA4000FFF744FF00210D48FFF740FF00210C48AD
:10AA5000FFF73CFF00210B48FFF738FF0A48FFF7DC
:10AA600042FF034619460848FFF730FF00BF80BD8C
:10AA700004310040243100404C310040503100404E
:10AA80005C31004060310040C434004080B582B089
:10AA900000AF00211F48FFF719FF1F48FFF723FFF2
:10AAA000786079681C48FFF711FF79681B48F5F753
:10AAB000F3FE00211A48FFF709FF01211948FFF7AB
:10AAC00005FF00233B6008E01548FFF70CFF034635
:10AAD000002B08D13B6801333B603B684CF24F329E
:10AAE0009342F1DD00E000BF0D48FFF7FCFE034696
:10AAF000002B05D10C48F5F7CFFEFFF711FF01E061
:10AB0000FFF70EFF7A686FF063039B1A1846083749
:10AB1000BD4680BD24310040C4340040CCFE00005E
:10AB20000431004014300040F0FE000080B586B0D3
:10AB300000AFF860B9607A603B60BB68002B05D15C
:10AB400006214F48FFF7C2FE002395E0BB68012BAA
:10AB500005D100214A48FFF7B9FE00238CE0BB680D
:10AB6000042B40F088803B6A7B617B691B68194637
:10AB70004448FFF7ABFEFFF757FF7B695B68002B8C
:10AB800025DD7B69DB68002B21DD7B699B6819462D
:10AB90003D48FFF79BFE7B695B6819463B48FFF722
:10ABA00095FE7B691B6919463948FFF78FFE7B6963
:10ABB000DB6819463748FFF789FE4FF48451364861
:10ABC000FFF784FE01213548FFF780FE3EE07B69F8
:10ABD0005B68002B19DD7B699B6819462A48FFF7E3
:10ABE00075FE7B695B6819462848FFF76FFE0021F8
:10ABF0002848FFF76BFE4FF400712748FFF766FE09
:10AC000001212648FFF762FE2BE07B69DB68002B01
:10AC100019DD7B691B6919461D48FFF757FE7B69E3
:10AC2000DB6819461B48FFF751FE00211748FFF764
:10AC30004DFE4FF480511848FFF748FE0121184897
:10AC4000FFF744FE0DE06FF0100315E009E0154832
:10AC5000FFF749FE0346002B03D0FFF717FF03461B
:10AC60000AE01148FFF73FFE0346002BEFD0FFF745
:10AC7000DBFE142300E0002318461837BD4680BDD4
:10AC800000350040883500404435004048350040DC
:10AC90003435004038350040003200400830004074
:10ACA00000300040243100400431004080B582B0C3
:10ACB00000AF786040F20C610C48FFF707FE40F2ED
:10ACC0000C610B48FFF702FE08210A48FFF7FEFD62
:10ACD00010210948FFF7FAFD4FF0CC710748FFF744
:10ACE000F5FD002318460837BD4680BD20070050FB
:10ACF00040070050083500400C3500402435004026
:10AD000080B483B000AF78607B6800229A607B6873
:10AD100000225A607B685A687B681A6000BF0C3753
:10AD2000BD4680BC704780B584B000AF78603960A4
:10AD3000194A7B6852F823302833FB60FB681A6895
:10AD4000FB685B689A4221D0FB685B68FA68134431
:10AD50001B7B1A463B681A60FB685B685A1CFB68E1
:10AD60005A60FB685B68312B02D9FB6800225A608D
:10AD7000FB689B68002B07D0FB689B681846FDF7B3
:10AD8000CFFCFB6800229A60012300E000231846F4
:10AD90001037BD4680BD00BF0C26002080B584B0B2
:10ADA00000AF786039601A4A7B6852F82330683304
:10ADB000BB60BB681B680133FB60FB68312B01DDA6
:10ADC0000023FB60BB685A68FB689A420BD0BB68E3
:10ADD0001B683A68D1B2BA6813440A461A73FA6813
:10ADE000BB681A6003E08021786800F013F8BB6844
:10ADF0009B68002B07D0BB689B681846FDF790FC4A
:10AE0000BB6800229A6000BF1037BD4680BD00BFFE
:10AE10000C26002080B483B000AF78603960084A07
:10AE20007B6852F823305969054A7B6852F8233011
:10AE30003A680A435A6100BF0C37BD4680BC704770
:10AE40000C26002080B483B000AF78607B681B695B
:10AE5000B3F1FF3F11D0002B1BDA13F1640F18DCA4
:10AE600013F1650F0DDA13F1680F0AD013F1680FB3
:10AE70000FDB6733012B0CD807E07B680422DA6113
:10AE80000AE07B680422DA6106E07B680422DA616A
:10AE900002E06FF0100300E0002318460C37BD46B7
:10AEA00080BC704780B584B000AF78603960386886
:10AEB000FFF7C8FFF860FB68002B01D0FB6854E087
:10AEC0003B685B69002B4FD03B681B69B3F1FF3FC8
:10AED0001AD0002B45DA13F1640F1BD013F1640F65
:10AEE0003FDC13F1650F1BD013F1650F39DC13F153
:10AEF000660F1BD013F1660F33DC13F1680F21D0FE
:10AF000013F1670F18D02CE03B689B697A68926850
:10AF10001A6029E03B689B697A68D2681A6023E06E
:10AF20003B689B697A6812691A601DE03B689B69FF
:10AF30007A6892691A6017E03B689B697A68D269FF
:10AF40001A6011E001F05AF8B8603B689B697A68B2
:10AF500052691A607B6800225A61B86801F036F8BD
:10AF600002E06FF01003FB60FB6818461037BD4627
:10AF700080BD80B584B000AF786039603868FFF775
:10AF800061FFF860FB68002B01D0FB6862E03B6862
:10AF90005B69002B5DD03B681B69B3F1FF3F1AD0A2
:10AFA000002B53DA13F1640F1BD013F1640F4DDC47
:10AFB00013F1650F24D013F1650F47DC13F1660F11
:10AFC0002DD013F1660F41DC13F1690F33D013F16B
:10AFD000670F2AD03AE03B689B691A687B689A60E1
:10AFE00037E03B689B691A687B68DA607B681868A1
:10AFF0007B68DB681A46002100F004FCF86028E05A
:10B000003B689B691A687B681A617B6818687B6873
:10B010001B691A46012100F0F5FBF86019E03B6856
:10B020009B691A687B689A6113E03B689B691A68A0
:10B030007B68DA610DE07B6818683B689B691B6878
:10B040001A46052100F0DEFBF86002E06FF0100305
:10B05000FB60FB6818461037BD4680BD80B588B0E0
:10B0600000AF786039607B686833FB60FB685B68C1
:10B07000FB613B689B69BB613B685B697B6100234B
:10B080003B617B69002B46D039E07B681B6A184620
:10B0900000F08BFDFB681B68FA699A421BD0FA69C5
:10B0A000531CFB61BB69591CB961F9680A44127BE6
:10B0B0001A70FB69312B01D90023FB61FB68FA6927
:10B0C0005A607B681B6A0521184600F061FD7B69A8
:10B0D000013B7B6113E0FCF7B7FF0246FB689A6017
:10B0E0007B681B6A0521184600F052FD7B68DB690E
:10B0F0001846FDF7A9FA38613B69002B03D17B693B
:10B10000002BC2D100E000BF3B685A697B69D21AAC
:10B110003B68DA610EE0FB681A68FB685B68D31A6B
:10B120007B617B69002B02DA7B6932337B613B6890
:10B130007A69DA613B6918462037BD4680BD80B523
:10B1400088B000AF786039607B682833BB603B68AB
:10B150009B69BB613B685B697B6100233B617B69E9
:10B16000002B68D05BE0BB681B680133FB61FB69A7
:10B17000312B01D90023FB617B685B6A184600F024
:10B1800014FDBB685B68FA699A4234D00023FB6007
:10B19000BB681A68BB685B689A420ED17B68186806
:10B1A000BB691B781A46042100F02CFB0346002BD8
:10B1B0000CBF01230023DBB2FB60FB68002B03D034
:10B1C000BB690133BB610CE0BB695A1CBA61BA6848
:10B1D00012681978BB6813440A461A73BB68FA6987
:10B1E0001A607B685B6A0521184600F0D1FC7B6918
:10B1F000013B7B6113E0FCF727FF0246BB689A60C6
:10B200007B685B6A0521184600F0C2FC7B689B697D
:10B210001846FDF719FA38613B69002B03D17B69A9
:10B22000002BA0D100E000BF3B685A697B69D21AAD
:10B230003B68DA611BE07B685B6A184600F0B5FC8E
:10B24000BB681A68BB685B68D31A7B617B685B6A02
:10B250000521184600F09CFC7B69002B02DA7B6913
:10B2600032337B617B69C3F132023B68DA613B694F
:10B2700018462037BD4680BD80B586B000AFF86067
:10B28000B9607A607B681B697B617B69BA685A60C8
:10B290007B6928331846FFF733FD7B69683318460E
:10B2A000FFF72EFD7B691B6800220221184600F083
:10B2B000A9FA38613B6918461837BD4680BD80B58C
:10B2C00086B000AFF860B9607A607B681B697B610B
:10B2D0007B691B6800220321184600F093FA38614D
:10B2E0003B6918461837BD4680BD80B584B000AFB5
:10B2F000786039603B681B69BB607B681B69002B09
:10B300000FDBBB685B6803F00103002B05D0796895
:10B31000B868FFF7A3FEF86008E06FF01A03FB605F
:10B3200004E07968B868FFF7BDFDF860FB6818466F
:10B330001037BD4680BD80B584B000AF78603960FD
:10B340003B681B69BB607B681B69002B0FDBBB681C
:10B350005B6803F00203002B05D07968B868FFF73B
:10B36000EEFEF86008E06FF01A03FB6004E0796815
:10B37000B868FFF7FEFDF860FB6818461037BD4659
:10B3800080BD80B485B000AFF860B9607A606FF0BE
:10B39000080318461437BD4680BC704780B594B08A
:10B3A00000AF78607B68002B02D06FF010037FE065
:10B3B000A820F5F7A3FCB864BB6C002B02D16FF09A
:10B3C000200375E03C497B68BA6C41F82320BB6CD4
:10B3D000BB600023BB610023FB6100233B620123B0
:10B3E0007B62364BBB62364BFB62364B3B63364B64
:10B3F0007B63364BBB6307F10803043334491846BB
:10B40000F5F731FD3248F5F71DFD78647B68DBB256
:10B410006133D9B207F10C027B6C13440A461A70EF
:10B420007B6C013350333B44002203F8442C07F17A
:10B430003C0207F1400107F108031846FEF7A4FF9C
:10B44000F864FB6C002B2ED1BB6C7A681A603A6CE6
:10B45000BB6C9A60B86C00F043FAF864FB6C002B8C
:10B460001BD1BB6C4FF4E1321A614FF4E132012180
:10B47000786800F0C7F9BB6C0022DA600022002176
:10B48000786800F0BFF9BB6C4FF0FF329A61BB6C7B
:10B490004FF0FF32DA6100230AE000BFFB6B184671
:10B4A000FEF7EAFF00E000BFB86CF5F753FCFB6C59
:10B4B00018465037BD4680BD0C26002079B20000EA
:10B4C000BFB20000EBB2000037B3000083B300004E
:10B4D0001CFF000080B483B000AF786039607B68E7
:10B4E0003A681A6000BF0C37BD4680BC704780B414
:10B4F00083B000AF78607B681B6818460C37BD4688
:10B5000080BC704780B586B000AF786000233B6197
:10B510000FE03B691B01474A13447B617B691B6851
:10B520001B0B03F03F037A689A4206D03B69013354
:10B530003B613B69002BECD000E000BF3B69002B76
:10B5400074D115E07B691B6803F5847300211846EC
:10B55000FFF7C0FF7B691B6803F5A3631846FFF77D
:10B56000C6FF0346FB60FB6819463869FFF716FC07
:10B570007B691B6803F584731846FFF7B8FF034621
:10B58000002BDFD17B691B6803F58E731846FFF72C
:10B59000AEFF0346002B20D07B691B6803F58E733A
:10B5A00000211846FFF796FF07F10C03194638698A
:10B5B000FFF7B9FB0346002B0CD07B691B6803F235
:10B5C0001C53FA6811461846FFF784FF7B69002276
:10B5D000DA6002E07B690122DA607B691B6803F5AF
:10B5E00092731846FFF783FF0346002B1FD07B6939
:10B5F0001B6803F5927300211846FFF76BFF7B6908
:10B600001B6803F590631846FFF771FF0346FB6064
:10B610007B691B6803F5906300211846FFF75AFF0A
:10B62000FB6819463869FFF7F5FB00E000BF1837E3
:10B63000BD4680BD0001002080B582B000AF7860BB
:10B640007B681B6803F5807300211846FFF742FFF3
:10B650007B681B6803F5827300211846FFF73AFFE9
:10B660007B681B6803F5847300211846FFF732FFDF
:10B670007B681B6803F58E7300211846FFF72AFFCD
:10B680007B681B6803F5927300211846FFF722FFC1
:10B690007B681B6803F5A27300211846FFF71AFFA9
:10B6A0007B681B6803F224527B689B68194610462E
:10B6B000FFF710FF7B681B6803F26C527B685B68C6
:10B6C0009BB219461046FFF705FF7B685B6803F4E1
:10B6D0008033002B08D07B681B6803F500731821AA
:10B6E0001846FFF7F7FE07E07B681B6803F5007359
:10B6F00000211846FFF7EEFE7B680122DA607B68C6
:10B700001B6803F5906300211846FFF7E3FE7B6892
:10B710001B6803F541734FF421711846FFF7DAFEF9
:10B720007B681B68083301211846FFF7D3FE7B684E
:10B730001B6801211846FFF7CDFE00BF0837BD4644
:10B7400080BD80B582B000AF78607B680022DA608F
:10B750007B680F4A93420DD07B681B68043301213C
:10B760001846FFF7B7FE7B681B680C3301211846AB
:10B77000FFF7B0FE7B681B6803F542734FF0FF31A3
:10B780001846FFF7A7FE00BF0837BD4680BD00BFC3
:10B790000001002080B5A8B000AF78603960184A79
:10B7A00007F10C0311469022184603F081FF002395
:10B7B000C7F89C3019E0D7F89C30DB00A0333B443D
:10B7C00053F8943C3A689A420AD1D7F89C30DB008F
:10B7D000A0333B4453F8902C7B689A6000230AE026
:10B7E000D7F89C300133C7F89C30D7F89C30112B28
:10B7F000E1D96FF010031846A037BD4680BD00BFE9
:10B8000020FF000080B586B000AFF860B9607A60B4
:10B81000FB681B01314A13443B6100237B61BB6819
:10B82000052B52D0BB68052B53DCBB68042B38D0EA
:10B83000BB68042B4DDCBB68032B26D0BB68032BF5
:10B8400047DCBB68022B13D0BB68022B41DCBB6812
:10B85000002B03D0BB68012B04D03AE03B697A6827
:10B860005A6036E079683869FFF794FF786130E014
:10B870003869FFF7E1FE3B691B681B0B03F03F03D0
:10B880000521184600F084F923E03B691B681B0B77
:10B8900003F03F03184600F088F93869FFF751FFBD
:10B8A00017E03B69DB68002B0BD03B690022DA60B4
:10B8B0003B691B6803F21C5379681846FFF70AFEC0
:10B8C00007E06FF040037B6103E06FF008037B61EA
:10B8D00000BF7B6918461837BD4680BD00010020B7
:10B8E00080B586B000AF78607B681B681B01184A82
:10B8F00013447B61174A07F1080392E8030083E8C9
:10B9000003007B691B6803F5A06304211846FFF759
:10B91000E1FD7869FFF715FF7B691B681B0B03F0DE
:10B920003F027B685A627B685A6A7B681A627B694D
:10B930001B681B0B03F03F0307F108021146184672
:10B94000F7F736FE38613B6918461837BD4680BDAB
:10B9500000010020B0FF000080B483B000AF786029
:10B9600039607B683A681A6000BF0C37BD4680BCFE
:10B97000704780B483B000AF78607B681B6818465E
:10B980000C37BD4680BC704780B582B000AF786090
:10B99000396014E000210F48FFF7DEFF7B685A1C76
:10B9A0007A601B7819460C48FFF7D6FF00BF09489C
:10B9B000FFF7DFFF034603F00103002BF7D03B68DE
:10B9C0005A1E3A60002BE5DC00BF00BF0837BD46B9
:10B9D00080BD00BF1C2100401C25004080B582B006
:10B9E00000AF7860396015E000BF0F48FFF7C1FF76
:10B9F000034603F00103002BF7D000210A48FFF7AC
:10BA0000ABFF0A48FFF7B5FF01467B685A1C7A6016
:10BA1000CAB21A703B685A1E3A60002BE4DC00BFC1
:10BA200000BF0837BD4680BD0821004018250040F2
:10BA300080B500AF04212148FFF78EFF0121204887
:10BA4000FFF78AFF01211F48FFF786FF4FF0FF3104
:10BA50001D48FFF781FF1D491D48FFF77DFF0021AD
:10BA60001C48FFF779FF00211B48FFF775FF0021F5
:10BA70001A48FFF771FF00211948FFF76DFF0021F9
:10BA80001848FFF769FF00211748FFF765FF0021FD
:10BA90001648FFF761FF00211548FFF75DFF002101
:10BAA0001448FFF759FF01211348FFF755FF012103
:10BAB0001248FFF751FF00BF80BD00BF00250040C6
:10BAC000042000400C2000400823004000E0D70183
:10BAD000242500406C2500400022004080240040C6
:10BAE0000021004004210040082100401C210040AA
:10BAF0002421004044210040002000400820004054
:10BB000080B483B000AF78607B6803F01F027B686D
:10BB10005B099900054B0B441946012393400B60C8
:10BB200000BF0C37BD4680BC704700BF80E100E01D
:10BB300080B483B000AF78607B6803F01F027B683D
:10BB40005B099900054B0B441946012393400B6098
:10BB500000BF0C37BD4680BC704700BF80E200E0EC
:10BB600080B483B000AF78607B685B099A00074BB4
:10BB700013441A687B6803F01F03012101FA03F3E1
:10BB8000134018460C37BD4680BC704780E200E089
:10BB900080B582B000AF786039603968786800F0AD
:10BBA0005FFA00BF0837BD4680BD80B582B000AFE8
:10BBB00078607868FFF7A4FF00BF0837BD4680BDF6
:10BBC00080B582B000AF78607868FFF7B1FF00BF42
:10BBD0000837BD4680BD80B483B000AF786000BF39
:10BBE0000C37BD4680BC704780B582B000AF78602E
:10BBF0007868FFF7B5FF034618460837BD4680BD95
:10BC000080B483B000AF7860396000BF0C37BD46A8
:10BC100080BC704780B483B000AF786039607B68C7
:10BC20003A681A6000BF0C37BD4680BC704780B4CC
:10BC300083B000AF78607B681B6818460C37BD4640
:10BC400080BC704780B483B000AF78607B68002B05
:10BC500002D07B68052B01D9002307E07B685A1EC0
:10BC600013465B0013449B00034A134418460C37E9
:10BC7000BD4680BC704700BF1001002080B584B075
:10BC800000AF78600023BB6012E0BA6813465B0027
:10BC900013449B00164A1344FB60FB681B681B0B94
:10BCA00003F03F037A689A4206D0BB680133BB6059
:10BCB000BB68042BE9DD00E000BFBB68042B12DC8D
:10BCC000FB681B6803F5A07300211846FFF7A2FF6D
:10BCD000FB685B68002B07D0FB685B68FA689268BA
:10BCE0001046984700E000BF1037BD4680BD00BF3A
:10BCF0001001002080B58AB000AFF860B9607A60AA
:10BD00007B68002B05D07B68012B02D06FF01003FD
:10BD1000B5E0BB68002B02D16FF01003AFE0F8680C
:10BD2000FFF790FF78627B6A002B02D16FF010035F
:10BD3000A5E07B6A1B68043301211846FFF76AFF00
:10BD40007B6A1B6803F542734FF47C111846FFF7BA
:10BD500061FF7B6A1B6803F5A26300211846FFF7A9
:10BD600059FF7B6A1B6803F5A16303211846FFF79F
:10BD700051FF7B6A1B6803F2045300211846FFF74A
:10BD800049FF7B6A1B680C3301211846FFF742FF0D
:10BD90007B6A1B6803F5A863B9681846FFF73AFF8A
:10BDA0007B68002B09D17B6A1B6803F5007340F2A6
:10BDB00001111846FFF72EFF07E07B6A1B6803F5A9
:10BDC000007301211846FFF725FF7B6A1B6803F506
:10BDD000A07300211846FFF71DFF7B6A1B6803F55F
:10BDE000A27300211846FFF715FF7B6A1B6803F555
:10BDF000A47300211846FFF70DFF7B6A1B6803F54B
:10BE0000A67300211846FFF705FF7B6A1B6803F540
:10BE1000A87300211846FFF7FDFE7B6A1B6803F537
:10BE2000AA7300211846FFF7F5FE7B6A1B681B0BFF
:10BE300003F03F033B6201237B61134BBB6107F1BE
:10BE400014031946386AF7F7B3FBF861FB69002B56
:10BE500001DAFB6913E00321386AFFF799FE7B6A78
:10BE60001B6803F541734FF480311846FFF7D2FE8B
:10BE70007B6A1B6801211846FFF7CCFE0023184699
:10BE80002837BD4680BD00BF7DBC000080B584B0B2
:10BE900000AF78607868FFF7D5FEF860FB68002B8C
:10BEA00002D16FF0100318E0FB681B680433012116
:10BEB0001846FFF7AFFEFB681B6803F542734FF4AB
:10BEC0007C111846FFF7A6FEFB681B681B0B03F0EE
:10BED0003F031846FFF769FE002318461037BD469A
:10BEE00080BD80B584B000AF786039607868FFF7B6
:10BEF000A9FEF860FB68002B02D16FF0100311E07F
:10BF0000FB681B68443301211846FFF783FEFB687A
:10BF10001B6803F244531846FFF789FE02463B684C
:10BF20001A60002318461037BD4680BD80B584B026
:10BF300000AF786039607868FFF784FEF860FB68CE
:10BF4000002B02D16FF010031CE03B68002B15D0D2
:10BF50003B685B68012B02D96FF0100312E000F020
:10BF60004DF8B8603B681A68FB689A603B689A684D
:10BF7000FB685A60B86800F029F802E0FB6800220C
:10BF80005A60002318461037BD4680BD80B584B086
:10BF900000AF786039607868FFF754FEF860FB689E
:10BFA000002B02D16FF010030AE03B68064A1A60CA
:10BFB0003B684FF0FF325A603B6801229A600023D1
:10BFC00018461037BD4680BD0024F40080B483B00D
:10BFD00000AF78607B6883F3118800BF0C37BD46E3
:10BFE00080BC704780B483B000AFEFF311837B60F7
:10BFF0007B6818460C37BD4680BC704780B483B060
:10C0000000AF20237B60EFF311833B607B6883F3F9
:10C0100011883B6818460C37BD4680BC704780B518
:10C0200082B000AF78607B6801335B011846FFF790
:10C03000CDFF00BF0837BD4680BD80B582B000AFE0
:10C04000FFF7D0FF03465B09013B7B607B68002B59
:10C0500001DB7B6800E0FF2318460837BD4680BD42
:10C0600080B584B000AF78603960FFF7C7FFF86033
:10C070003B68DAB27B6803F1604303F56443520125
:10C08000D2B21A707B6803F01F027B685B099B00C9
:10C0900003F1604303F561431946012393400B60AC
:10C0A000F868FFF793FF00BF1037BD4680BD000062
:10C0B00080B483B000AF78607B681B6818460C378B
:10C0C000BD4680BC704780B588B000AF78601D4821
:10C0D000FFF7EEFF38613B697A6802FB03F31A4A07
:10C0E000A2FB03235B0B01337B611848FFF7E0FFE2
:10C0F000034623F07F43FB61FB69FB601348FFF7B6
:10C10000D7FF034623F07F43FB61FA68FB699A423D
:10C1100004D3FA68FB69D31ABB6105E0FA683B698E
:10C120001A44FB69D31ABB61BA697B699A4204D28B
:10C130007A69BB69D31A7B61DEE700BF00BF203795
:10C14000BD4680BD14E000E05917B7D118E000E00B
:10C1500080B582B000AF786008E042F21070FFF75F
:10C16000B2FF7B68A3F51C53103B7B607B6842F2F7
:10C170000F729342F1D87868FFF7A5FF00BF083728
:10C18000BD4680BD80B582B000AF786007E042F266
:10C190001070FFF798FF7A68094B13447B607B6847
:10C1A000084A9342F3D27B68074AA2FB03239B0908
:10C1B00001331846FFF787FF00BF0837BD4680BD33
:10C1C000806967FF80969800D34D621080B400AFFD
:10C1D00000231846BD4680BC704780B582B000AFD2
:10C1E0000020FEF7EDFA78607B68002B01DA7B68AF
:10C1F00009E00020FFF7D2F878607B68002B01DAB5
:10C200007B6800E0002318460837BD4680BD80B437
:10C2100000AF00231846BD4680BC704780B483B091
:10C2200000AF786039607B683A681A6000BF0C37ED
:10C23000BD4680BC704780B582B000AF00F076F894
:10C240000B4B7B600AE07B681A687B685B68194669
:10C250001046FFF7E3FF7B6808337B607B681B6851
:10C26000002BF0D100BF00BF0837BD4680BD00BF26
:10C27000B8FF000080B500AFFFF7C0FEFEE780B555
:10C2800082B000AF78607B68B3F1FF3F0BD07B6872
:10C29000002B1ADA7B6813F1030F10D07B6813F1BF
:10C2A000020F06D011E00C48F3F7A4FF6FF008036B
:10C2B0000DE00A48F3F79EFF6FF0080307E0084817
:10C2C000F3F798FF6FF0080301E06FF010031846D2
:10C2D0000837BD4680BD00BFE0FF00000000010040
:10C2E0001C00010080B400AF00BFBD4680BC704799
:10C2F00080B400AF00BFBD4680BC704780B483B03F
:10C3000000AF786039607B683A681A6000BF0C370C
:10C31000BD4680BC704780B483B000AF78607B6856
:10C320001B6818460C37BD4680BC704780B500AF0F
:10C3300000211648FFF7E2FF40211548FFF7DEFF16
:10C3400001214FF08040FFF7D9FF00BF0F48FFF7F2
:10C35000E2FF034603F00103002BF7D000210D4854
:10C36000FFF7CCFF02210C48FFF7C8FF01210B4863
:10C37000FFF7C4FF00BF0748FFF7CDFF034603F0F8
:10C380000103002BF7D000BF00BF80BD00010040BB
:10C390002805004004010040180500400800004046
:10C3A00080B400AF00BFBD4680BC704780B489B088
:10C3B00000AFF860B9607A603B603B68002B03D047
:10C3C0003B681B687B6102E0FB689B697B61FB68E3
:10C3D0001B6903F48053002B0CD07B691B6803F0AE
:10C3E0001003002B02D07B69FB6105E07B694833B9
:10C3F000FB6101E07B69FB61BB68002B27D0002358
:10C40000BB610DE0BB68BA6953F822301946FA697E
:10C41000BB6908339B0013445960BB690133BB619E
:10C42000BB69032BEEDD0423BB610DE0BB68BA6979
:10C4300053F82220BB69043B1146FA699B00134460
:10C440005960BB690133BB61BB690B2BEEDD7B68B7
:10C45000002B03D07B681A68FB69DA633B68002B0A
:10C4600003D03B681A68FB689A6100BF2437BD4659
:10C4700080BC704780B489B000AFF860B9607A6062
:10C480003B60FB689B697B61FB681B6903F480531D
:10C49000002B0CD07B691B6803F01003002B02D02B
:10C4A0007B69FB6105E07B694433FB6101E07B69EB
:10C4B000FB61BB68002B30D00023BB610DE0FA6943
:10C4C000BB6908339B0013445B681946BB68BA69B3
:10C4D00043F82210BB690133BB61BB69032BEEDD5E
:10C4E0000423BB610DE0BB69043BFA699B00134464
:10C4F0005B681946BB68BA6943F82210BB6901330F
:10C50000BB61BB690B2BEEDDFB695B6B1A46BB683D
:10C510001A63FB699A6BBB685A637B68002B06D071
:10C52000FB69DA6B7B681A607B6800229A603B6863
:10C53000002B03D0FB689A693B681A6000BF243760
:10C54000BD4680BC704780B487B000AFF860B9606A
:10C550007A60FB689B693B613B691B6803F01003D1
:10C56000002B02D06FF0180325E000237B6118E058
:10C570007B687A6953F8223019463B697A6922321E
:10C5800043F822107B6903F110027B6853F82230D4
:10C5900019463A697B699B00134459607B690133F2
:10C5A0007B617B690F2BE3DD7B68D3F880203B69DF
:10C5B000C3F8C820002318461C37BD4680BC70470E
:10C5C00080B487B000AFF860B9607A60FB689B699F
:10C5D0003B613B691B6803F01003002B02D06FF036
:10C5E000180324E000237B6117E03B697A6922325B
:10C5F00053F8223019467B687A6943F822103A6969
:10C600007B699B00134459687B6903F110027B68C6
:10C6100043F822107B6901337B617B690F2BE4DDDA
:10C620003B69D3F8C8207B68C3F8802000231846F4
:10C630001C37BD4680BC704780B500AF074B012258
:10C640001A60074B00221A60064B4FF080521A60A6
:10C650000020FFF7BBFC00BF80BD00BF34140020EA
:10C660003814002004ED00E080B400AF034B4FF01D
:10C6700080521A6000BFBD4680BC704704ED00E0E8
:10C6800027484FF00101016026480168002902D1C6
:10C69000DFF894D011E02DE9F00F00B50A6912F42B
:10C6A000805205D01EF0100302D12DED108A08B47F
:10C6B000C1F818D04FF0000202601C4D1C4E4FF024
:10C6C000200282F31188D5F80080B8F1000F0BD159
:10C6D000D6F800C0BCF1000F08BFFFF703FE4FF013
:10C6E000000282F31188EAE7C0F80080D8F818D079
:10C6F000D8F8100010F4805006D0009B13F01003FF
:10C7000002D108BCBDEC108A5DF804EBBDE8F00F67
:10C7100003484FF00001016081F311887047000069
:10C720003414002038140020402500203C14002040
:10C730000426002080B500AF0148F3F75BFDFEE75B
:10C740003400010080B584B000AF114B1B68BB60A2
:10C75000104B1B68002B04D00E4B1B689B68FB60C2
:10C7600001E00023FB60BB6803F08043002B09D08D
:10C77000094B1B687B607B68BA68F9680748F4F767
:10C780008BF804E0BA68F9680548F4F785F8FEE725
:10C790002CED00E03814002028ED00E03C00010002
:10C7A0007000010080B500AF0148F3F723FDFEE7FC
:10C7B0009C00010080B500AF0148F3F71BFDFEE7C8
:10C7C000A800010080B500AF0148F3F713FDFEE7B4
:10C7D000B400010080B500AF0148F3F70BFDFEE7A0
:10C7E000C400010080B500AF0148F3F703FDFEE788
:10C7F000CC00010080B582B000AF0D4B3B600D480E
:10C80000F3F7F8FC00237B600AE03B681A1D3A60EE
:10C810001B6819460848F4F73FF87B6801337B60D2
:10C820007B68072BF1DD0548F3F7E4FCFEE700BF6A
:10C8300080E200E0DC000100F8000100FC000100E3
:10C8400080B483B000AFEFF305837B607B6818464C
:10C850000C37BD4680BC704780B400AF044B1B68EA
:10C860000133034A136000BFBD4680BC704700BF60
:10C870001026002080B400AF044B1B68013B034A24
:10C88000136000BFBD4680BC704700BF102600206B
:10C8900080B582B000AFFFF7DFFFFFF7D1FF03469F
:10C8A000103B7B60064A7B6852F823303B603B6854
:10C8B00078689847FFF7DEFF00BF0837BD4680BDA8
:10C8C0004025002080B500AFFFF7C6FFFDF731F926
:10C8D000FFF7D0FF00BF80BD80B487B000AFF86025
:10C8E000B9607A607B68002B0CD0BB6803F0010351
:10C8F000002B09D00B49FB687A6841F823200A4BCA
:10C900007B6001E0094B7B60094B7B61FB689B000E
:10C910007A6913447A681A60002318461C37BD46AA
:10C9200080BC70474025002091C80000F5C700007A
:10C930004000002080B400AF00BFBD4680BC7047FF
:10C9400080B400AF00231846BD4680BC704700BFCE
:10C9500080B586B000AFFFF76EFC3A4B7B613A4B77
:10C960003B610023FB600AE07A69131D7B613B6930
:10C97000191D396112681A60FB680133FB60FB689E
:10C980003F2BF1DD314B304A1A60314B7B61314B2B
:10C990003B61314BBB6007E07A69131D7B613B69EA
:10C9A000191D396112681A603A69BB689A42F3D15D
:10C9B0002A4B3B612A4A3B69D31A9B08FB6007E07C
:10C9C0003B691A1D3A6100221A60FB68013BFB605B
:10C9D000FB68002BF4DC234B4FF000521A60214B14
:10C9E0001B681A461E4B9A4202D21E4B1C4A1A6002
:10C9F0001D4B1E4A1A601E4B1B687B607B6823F42C
:10CA0000E04343F440537B607B689BB2184A43F099
:10CA1000BF6343F400331360164B00221A60164BB9
:10CA2000164A1A60164B1B68154A43F470031360CC
:10CA3000144B1B68134A43F040431360FDF724FB7B
:10CA4000FEE700BF000000000000002008ED00E04D
:10CA5000E4040100000100206801002068010020BA
:10CA6000A0690020142600201826002000F80120CC
:10CA70000CED00E01CED00E020ED00E00000E02007
:10CA800088ED00E034EF00E080B400AF024B1B689B
:10CA90001846BD4680BC70471C26002080B400AFFD
:10CAA000024B1B681846BD4680BC704720260020FC
:10CAB00080B487B000AF78607B685A68284B1B68E9
:10CAC000D31A3B613B69274AA2FB03239B097B6185
:10CAD0007B69B3F5803F02D34FF6FF737B617B69BF
:10CAE0009BB2BB817B681B78BB737B685B78FB73F5
:10CAF0001D4B1B681D49FA6841F823201A4B1B681F
:10CB000001339A091A49A1FB02124FF4346101FB67
:10CB100002F29B1A144A1360134B1A68154B1B68D8
:10CB20009A420ED1134B1B6801339A091049A1FB9D
:10CB300002124FF4346101FB02F29B1A0D4A13609A
:10CB400004E00D4B1B6801330B4A13607B685B6884
:10CB5000034A136000BF1C37BD4680BC704700BF4E
:10CB60002C530020D34D6210245300202426002093
:10CB7000075BB005285300202026002080B584B034
:10CB800000AF3B460C220021184602F0BBFF34E008
:10CB90001F4B1B689B001F4A1344FB60FB689B787C
:10CBA0003B70FB68DB787B70FB689B78032B03D0C2
:10CBB000FB689B78042B01D1012300E00023DBB24A
:10CBC000BB7000237B603B46184600F0B5FF104B5E
:10CBD0001B6801339A091049A1FB02124FF434611A
:10CBE00001FB02F29B1A0A4A13600C4B1B68013BC3
:10CBF0000A4A13603220FBF785FE054B1A68084B82
:10CC00001B689A42C4D100BF00BF1037BD4680BD2B
:10CC10002853002024260020075BB0052026002092
:10CC20002453002090B589B000AF786039600023AC
:10CC3000FB7700F041FF2E4B1B6807F108014FF016
:10CC4000FF321846F9F70FF9B861BB690B2B4DDDC0
:10CC5000284B1B680133274A136001F01BF800F0D2
:10CC600061FF0346FB75FB7D002B0BD0FB7F83F040
:10CC70000103DBB2002B05D01F4B1B68002B01D03A
:10CC8000FFF77CFFFB7DFB77FB7D002B26D0BB7A7B
:10CC9000002B11D007F10803184600F093FF3B7AF0
:10CCA0001C463B7A184602F0F3F802467B7A21468E
:10CCB0001248F3F7F1FDBEE707F10803184600F04C
:10CCC0003BFF3B7A1C463B7A184602F0E1F80246ED
:10CCD0007B7A21460A48F3F7DFFDACE707F108034A
:10CCE0001846FFF7E5FE00F0C9FFA4E700BFA2E782
:10CCF000446900201C26002020260020000101009D
:10CD00004401010080B400AF024B1846BD4680BC10
:10CD1000704700BF3053002080B588B000AF786006
:10CD20000023FB612BE05349FA6913465B0013446F
:10CD30009B000B44B3F900104F4AFB6922F8131013
:10CD40004C49FA6913465B0013449B000B440233C1
:10CD5000B3F90010494AFB6922F813104549FA69F2
:10CD600013465B0013449B000B440433B3F90010DB
:10CD7000434AFB6922F81310FB690133FB61FA692E
:10CD80007B689A42CFD33F4B00221A800123BB61BC
:10CD900067E03849BA6913465B0013449B000B44B3
:10CDA0000633B3F900301846BB695A1E31491346A1
:10CDB0005B0013449B000B440633B3F90030C31AE5
:10CDC0003B612C49BA6913465B0013449B000B443A
:10CDD0000833B3F900301846BB695A1E254913467B
:10CDE0005B0013449B000B440833B3F90030C31AB3
:10CDF000FB602049BA6913465B0013449B000B4457
:10CE00000A33B3F900301846BB695A1E1949134654
:10CE10005B0013449B000B440A33B3F90030C31A80
:10CE2000BB603B6903FB03F2FB6803FB03F31A449B
:10CE3000BB6803FB03F31344184602F0A1F9034651
:10CE40007B617B69B3F5004F02DB47F6FF737B61C3
:10CE50007B6919B20B4ABB6922F81310BB69013315
:10CE6000BB61BA697B689A4293D300BF00BF203789
:10CE7000BD4680BD4853002024590020205A002080
:10CE80001C5B0020185C002080B588B000AF786083
:10CE90007968144802F0EEF9F8617968124802F0F6
:10CEA000E9F9B8617968114802F0E4F97861FA6942
:10CEB00079680C4802F00BFA3861BA6979680A4857
:10CEC00002F005FAF8607A697968084802F0FFF91B
:10CED000B8603A69FB681A44BB68134418462037A7
:10CEE000BD4680BD24590020205A00201C5B002034
:10CEF0002DE9B04F86B000AF78604FF000024FF0E0
:10CF00000003C7E904230023FB601EE01A4AFB6804
:10CF100032F91300194AFB6832F91310184AFB68FA
:10CF200032F913301A4602F0E7FAB860BB68DA1734
:10CF30001C461546D7E9042312EB040843EB050908
:10CF4000C7E90489FB680133FB60FA687B689A4291
:10CF5000DCD37B6800229A46934652465B46D7E96B
:10CF6000040102F053FB02460B46134618461837DD
:10CF7000BD46BDE8B08F00BF24590020205A0020D4
:10CF80001C5B002080B582B000AF786079680448EF
:10CF900002F0FAF9034618460837BD4680BD00BFC7
:10CFA000185C002080B58AB000AF78607B68012BE8
:10CFB00001D8002350E06FF000437B62284B3B62B6
:10CFC0000023FB6137E0274AFB6932F91330194629
:10CFD000244AFB6932F9133003FB01F22249FB6951
:10CFE00031F9133018462049FB6931F9133000FB41
:10CFF00003F313447B617B69184602F0C1F8386182
:10D000001A4AFB6932F913301A043B691B041946AA
:10D01000104602F0E8F8F860FA687B6A9A4201DA92
:10D02000FB687B62FA683B6A9A4201DDFB683B62FF
:10D03000FB690133FB61FA697B689A42C3D33A6AA0
:10D040007B6AD31ABB61BB69B3F5702F03DA3B6A05
:10D0500023EAE37300E0BB6918462837BD4680BD6C
:10D0600001000080205A00201C5B00202459002071
:10D0700080B582B000AF786032227968034802F050
:10D08000DBF9034618460837BD4680BD2459002009
:10D09000F0B48AB000AF7860002179620021396273
:10D0A00046E02B48396A30F911100E462848396A93
:10D0B00030F9111001FB06F0264E396A36F91110CD
:10D0C0008C46244E396A36F9111001FB0CF10844E4
:10D0D000214E396A36F911108C461F4E396A36F9DD
:10D0E000111001FB0CF10144F9611C484FF00001E3
:10D0F000C7E904011A484FF00001C7E90201F969C4
:10D10000C8170A460346D7E904019042994109DB52
:10D11000F969C8170C460546D7E90201844275EB48
:10D12000010102DA796A01317962396A01313962C1
:10D13000386A79688842B4D37A6A13469B001344EC
:10D140009B001B0418462837BD46F0BC704700BF43
:10D1500024590020205A00201C5B00200040F813B6
:10D160000040780CB0B590B004AF7860396000F042
:10D170007BF8F862374B186807F124034FF0FF3251
:10D18000009211220121F6F7FBF87D223249F86A5C
:10D1900001F004FFB862BB6A7C2B58D93E21F86AC3
:10D1A00001F037FFB86AFFF7B7FDB86AFFF76CFE0A
:10D1B0000346FB60B86AFFF79BFE03463B61B86A13
:10D1C000FFF7E0FE03467B61B86AFFF7EBFE03461C
:10D1D000BB61B86AFFF74CFF0346FB61B86AFFF713
:10D1E00057FF03463B621D4B1B684FF0FF32012186
:10D1F0001846F9F7F8FE1A4B1D4607F10C040FCC40
:10D200000FC594E8030085E80300144B1B68012157
:10D210001846F9F711FEFB6818143B691C147B696A
:10D220001D14BB691B14FA691214396A091402919E
:10D23000019200932B46224601460A48F3F72CFB45
:10D24000044B1B6802211846F5F7AEFF92E700BFBA
:10D2500090E700BF40690020485300203C6900204F
:10D26000305300208001010080B400AF024B18460B
:10D27000BD4680BC704700BF145D002080B400AF85
:10D28000024B1B681846BD4680BC70471C690020D5
:10D2900080B400AF034B1B78DBB21846BD4680BCA0
:10D2A000704700BF2469002080B588B002AF786065
:10D2B00039603B4801F004FE00F07CFE01F0A8FA62
:10D2C00003461A46374B1A70364B1B78DBB283F095
:10D2D0000103DBB2002B12D009E04FF47A70FBF7A8
:10D2E00011FB01F095FA03461A462E4B1A702D4B8E
:10D2F0001B78DBB283F00103DBB2002BEDD14FF0E2
:10D30000FF30FBF7A1F9284B1B68002201211846CA
:10D31000F9F769FE07F10803184601F04BFB0346D5
:10D32000FB75214B1B6801211846F9F785FDFB7D34
:10D33000002B30D007F108031946194801F0D7FD3A
:10D340001A4B1B680133194A1360194B1B680133D0
:10D35000174A1360154B1B687C2BD0D9144B1B68E4
:10D360003D2BCCD9124B00221A60104B1968B7F92B
:10D3700008301A46B7F90A301846B7F90C3000934E
:10D3800003460C48F3F788FA0B4B1B68012118463B
:10D39000F5F70AFFB3E7034B00221A70AFE700BFAF
:10D3A000145D002024690020386900201C690020D9
:10D3B00020690020C40101004069002080B582B0CE
:10D3C00000AF7860044B1B681846FBF7A9F900BF53
:10D3D0000837BD4680BD00BF2869002080B582B0F7
:10D3E00000AF786001F000F900BF0837BD4680BD8E
:10D3F00080B586B000AF00233B6040F201337B6014
:10D40000334BBB600123FB604FF400733B613B4631
:10D410001846FAF76BFA03462E4A13602D4B1B6829
:10D42000002B02DA2B4B1B684EE000233B6040F2DE
:10D4300001337B60284BBB600523FB604FF48063A6
:10D440003B613B461846FAF751FA0346234A1360FC
:10D45000224B1B68002B02DA204B1B6834E00023B0
:10D460003B6040F201337B601D4BBB600A23FB60D5
:10D470004FF400633B613B461846FAF737FA034620
:10D48000184A1360174B1B68002B02DA154B1B68F8
:10D490001AE000233B6040F201337B60124BBB601B
:10D4A0000F23FB604FF480633B613B461846FAF75D
:10D4B0001DFA03460D4A13600C4B1B68002B02DA61
:10D4C0000A4B1B6800E0002318461837BD4680BD94
:10D4D000A9D200002869002065D100002C69002035
:10D4E00019D800003069002025CC000034690020E4
:10D4F00080B584B000AF00233B6001237B60012333
:10D50000BB600123FB603B461846F9F7CBFB0346A3
:10D51000114A1360104B1B68002B02DA0E4B1B687C
:10D5200016E000233B6001237B600123BB600123E5
:10D53000FB603B461846F9F7B5FB0346074A136004
:10D54000064B1B68002B02DA044B1B6800E000232B
:10D5500018461037BD4680BD386900203C69002060
:10D5600080B584B000AF00237B600823BB6000233C
:10D57000FB603B1D1846F5F767FD0346064A13603E
:10D58000054B1B68002B02DA034B1B6800E00023ED
:10D5900018461037BD4680BD4069002080B586B072
:10D5A00000AF00237B600023BB608023FB600C2363
:10D5B0003B613B1D1846F8F7D3F90346064A136052
:10D5C000054B1B68002B02DA034B1B6800E00023AD
:10D5D00018461837BD4680BD4469002080B586B026
:10D5E00000AF00237B600323BB60184BFB60142358
:10D5F0003B6100237B613B1D1846FBF7B0FC0346F3
:10D60000134A1360124B1B68002B02DA104B1B6885
:10D6100018E000237B600323BB600E4BFB600823F4
:10D620003B6100237B613B1D1846FBF798FC0346DA
:10D63000094A1360084B1B68002B02DA064B1B6873
:10D6400000E0002318461837BD4680BDBDD300005A
:10D6500048690020DDD300004C69002080B586B009
:10D6600000AF00F059FB00F04CFF01F074F8FFF739
:10D670003FFF78617B69002B0EDA384A07F10C0313
:10D6800092E8030018600433197007F10C03184680
:10D6900000F08CFF01235DE0FFF762FF78617B699A
:10D6A000002B01DA012355E0FFF778FF78617B69F1
:10D6B000002B01DA01234DE0FFF79AFE78617B69C8
:10D6C000002B01DA012345E0FFF788FF78617B69D1
:10D6D000002B01DA01233DE0214B1B680021184695
:10D6E000FAF746FA1F4B1B6800211846FAF740FA72
:10D6F0001D4B1B6800211846FAF73AFA1B4B1B68B2
:10D7000000211846FAF734FA42F21070FBF7FAF8E3
:10D7100000F026FC0346FB74FFF7BAFD034683F0D6
:10D720000103DBB2002BEFD0114A3B1D92E803004E
:10D730001860043319703B1D184600F037FF4FF492
:10D74000FA70FBF7DFF800F015F80346184600F012
:10D75000F1FFD9E718461837BD4680BD0802010021
:10D7600034690020306900202C69002028690020DD
:10D770001002010080B400AF024B1B781846BD4672
:10D7800080BC70474C01002080B400AF024B1B7876
:10D790001846BD4680BC70475069002080B400AF79
:10D7A000024B1B681846BD4680BC70475469002078
:10D7B00090B589B000AF0446084611461A46234684
:10D7C000FB710346BB710B467B7113463B71FB79C2
:10D7D0003B75BB797B757B79BB750023FB753B790A
:10D7E0003B7700237B770023BB770023FB7707F190
:10D7F0000C031846FBF7DAFA3B69BB61054B186866
:10D8000007F1140100230C22F8F7F5F900BF2437C3
:10D81000BD4690BD44690020B0B58EB002AF7860BF
:10D82000396001F0D1F9974B186807F128034FF0E0
:10D83000FF32009211220221F5F7A2FD924B1B68E4
:10D840004FF0FF3201211846F9F7CDFBFFF75AFAE6
:10D85000034607F108041D460FCD0FC495E80300E9
:10D8600084E80300884B1B6801211846F9F7E4FAA5
:10D87000864B1B6819468648F3F70EF807F120021D
:10D8800007F108031146184601F0A5F9034683F095
:10D890000103DBB2002B40F0F3807C4B1B680133AB
:10D8A0007A4A136097F82130312B63D9794B0022E3
:10D8B0001A7097F82730002B07D097F8203087F898
:10D8C0002F30754B00221A706AE097F82130452BF3
:10D8D00007D997F8203087F82F306F4B00221A7045
:10D8E0005EE097F820206D4B1B789A4207D16B4B76
:10D8F0001B7887F82F30684B00221A7050E097F899
:10D900002020674B1B789A421FD1634B1B78013351
:10D91000DAB2614B1A70604B1B78012B07D9604B50
:10D920001B7887F82F305C4B00221A7038E05B4B75
:10D930001B78FF2B04D197F8203087F82F302FE089
:10D94000564B1B7887F82F302AE097F82020544B4D
:10D950001A70514B01221A70504B1B78FF2B04D1C7
:10D9600097F8203087F82F301AE04C4B1B7887F857
:10D970002F3015E0474B1B780133DAB2454B1A7054
:10D98000444B1B78012B03D8444B1B78FF2B03D14E
:10D99000FF2387F82F3003E0404B1B7887F82F30A8
:10D9A0003E4B1B7897F82F209A4214BF0123002387
:10D9B00087F82E30394B1A783A4B1A70374A97F855
:10D9C0002F30137097F82120374B1A7097F82230B8
:10D9D000194697F82330184697F824301C4697F8D4
:10D9E000253097F8262001920093234602462F48BF
:10D9F000F2F752FF97F82E30002B0BD0274B1B78F5
:10DA0000184601F045FA0346274A12781946284875
:10DA1000F2F742FF214B1B78184600F08BFE97F877
:10DA20002730002B18D097F82E30002B14D0154B30
:10DA30001B6804211846F5F7B7FB184B18781A4BEA
:10DA40001978184B1B780122FFF7B2FE1948F2F73C
:10DA500023FF00F039FA14E097F82E30002B3FF442
:10DA6000E2AE0E4B1B78FF2B3FF4DDAE0B4B18786C
:10DA70000D4B19780B4B1B780022FFF799FED2E66D
:10DA800000BFD0E6406900203C69002054690020B6
:10DA90001802010058690020596900204C0100203B
:10DAA0004E0100204D010020506900202402010099
:10DAB000380201006802010080B500AF104B01225E
:10DAC0001A70104B00221A700F4B4FF6FF721A801B
:10DAD0000E4B00221A700E4B00221A700D4B1022B2
:10DAE0001A800D4B12221A800C4B15221A800C4BF7
:10DAF00018221A8000F0C2F80123184680BD00BF2A
:10DB00005C6900205D690020500100205E690020F2
:10DB10005F6900206069002062690020646900205C
:10DB20006669002080B400AF024B1B781846BD46E2
:10DB300080BC70475D69002080B483B000AF78601E
:10DB40001D4B1B7883F00103DBB2002B06D11B4B6E
:10DB50001B7883F00103DBB2002B01D0002326E009
:10DB60007B681A78164B1A707B685A78144B5A7077
:10DB70007B689A78124B9A70114B0022DA707B689E
:10DB80005B68DAB20E4B1A717B685B681B0ADAB20B
:10DB90000B4B5A717B685B681B0CDAB2084B9A71AD
:10DBA0007B685B681B0EDAB2054BDA7101231846FD
:10DBB0000C37BD4680BC70475D6900205E6900205F
:10DBC0006869002080B483B000AF78601D4B1B787B
:10DBD00083F00103DBB2002B06D11B4B1B7883F0D3
:10DBE0000103DBB2002B01D0002326E07B681A780A
:10DBF000164B1A707B685A78144B5A70134B0122DB
:10DC00009A707B681A7A114BDA707B685B68DAB2BB
:10DC10000E4B1A717B685B681B0ADAB20B4B5A71A8
:10DC20007B685B681B0CDAB2084B9A717B685B6897
:10DC30001B0EDAB2054BDA71012318460C37BD46CC
:10DC400080BC70475D6900205F6900206869002022
:10DC500080B483B000AF7860074B1B7883F001037A
:10DC6000DBB2002B01D0002300E0012318460C3763
:10DC7000BD4680BC704700BF5C69002080B400AF27
:10DC800000BFBD4680BC704780B400AF00BFBD463A
:10DC900080BC704780B400AF0B4B1B7883F001034E
:10DCA000DBB2002B0BD0084B01221A70074B01226C
:10DCB0001A80074B01221A70064B01221A7000BF0E
:10DCC000BD4680BC704700BF5D6900205001002048
:10DCD0005E6900205F69002080B400AF024B1B88A2
:10DCE0001846BD4680BC70475001002080B400AF8C
:10DCF000064B00221A70064B00221A70054B4FF695
:10DD0000FF721A8000BFBD4680BC70475D6900206D
:10DD10005C6900205001002080B400AF074B0C224A
:10DD20001A60074B0C221A60064B03221A60064B3E
:10DD300001221A6000BFBD4680BC70473807005002
:10DD40005C070050000700500C05005080B400AF85
:10DD5000064B1B6803F48043C3F3803383F0010355
:10DD6000DBB21846BD4680BC704700BF10050050AE
:10DD700080B400AF064B1B6803F40003C3F3C05329
:10DD800083F00103DBB21846BD4680BC704700BF7C
:10DD90001005005080B584B000AF786039607B68B2
:10DDA000002B65D03B68002B62D0334A7B68B2FB06
:10DDB000F3F3FB60FB68B3F5004F02D347F6FF7344
:10DDC000FB602E4B1B68002B16D02D4B00221A60D7
:10DDD0002C4B01221A600023BB6002E0BB680133B8
:10DDE000BB60BB68284A934203D8254B1B68002BB5
:10DDF000F4D0224B00221A60244B00221A60244ADD
:10DE0000FB681360234B00221A60234B00221A6028
:10DE1000224B4FF6FF721A60214B08221A60214BE9
:10DE200000221A60204B4FF0FF321A601F4B4FF058
:10DE3000FF321A601E4B4FF0FF321A60FB68DB089E
:10DE40009AB21C4B1A801C4B1A4A1A601B4B0122B7
:10DE50001A601B4B00221A60084B01221A60194BF2
:10DE600001221A603868FAF74DFD00F049F800E029
:10DE700000BF1037BD4680BD0024F40000C501403E
:10DE800004C1014004C001409F8601000CC501404F
:10DE900008C5014004C5014010C5014014C501403A
:10DEA00000C2014060C5014064C5014068C5014031
:10DEB0006CC501407469002020C5014024C50140A3
:10DEC00028C5014008C0014080B582B000AF0023E2
:10DED0007B600DE0C8214FF4FA60FFF75BFF7B68C1
:10DEE000012B02D86420FAF70DFD7B6801337B60BB
:10DEF0007B68022BEED900BF00BF0837BD4680BD4E
:10DF000080B483B000AF114B1B68002B16D0104BB0
:10DF100000221A600F4B01221A6000237B6002E08E
:10DF20007B6801337B607B680B4A934203D8084BC4
:10DF30001B68002BF4D0054B00221A60074B01220E
:10DF40001A6000BF0C37BD4680BC704700C5014059
:10DF500004C1014004C001409F8601000C0500502F
:10DF600080B483B000AF0F4B00221A600E4B012229
:10DF70001A6000BF0B4B1B68002BFBD0094B002223
:10DF80001A600A4B01221A60094B1B687B607B6890
:10DF9000002B00DA03339B105BB218460C37BD46EA
:10DFA00080BC704700C1004000C0004004C0004079
:10DFB00008C5004080B400AF0C4B00221A600C4B27
:10DFC00000221A600B4B00221A600B4B08221A60C9
:10DFD0000A4B10221A600A4B4FF0C8621A60034BBA
:10DFE00006221A6000BFBD4680BC70470035004065
:10DFF0002007005040070050083500400C35004015
:10E000002435004080B588B000AF3F4B00221A6035
:10E010003E4B4FF0FF321A603D4B4FF0FF321A601B
:10E020003C4B03221A603C4B03221A603B4B4FF4DB
:10E0300080721A60394B4FF480321A600023BB6142
:10E0400002E0BB690133BB61BB69B3F57A7FF8DBE2
:10E05000314B00221A600023FB611EE0304B4FF46D
:10E0600080721A6000237B6102E07B6901337B616F
:10E070007B69B3F57A7FF8DB284B4FF480721A6026
:10E0800000233B6102E03B6901333B613B69B3F52F
:10E090007A7FF8DBFB690133FB61FB69112BDDDD66
:10E0A0001D4B03221A601E4B4FF480321A6000236E
:10E0B000FB6002E0FB680133FB60FB68B3F57A7F2D
:10E0C000F8DB164B4FF480721A600023BB6002E04D
:10E0D000BB680133BB60BB68B3F57A7FF8DB0F4BDD
:10E0E0004FF480321A6000237B6002E07B680133CA
:10E0F0007B607B68B3F57A7FF8DBFFF75BFF00BFDF
:10E100002037BD4680BD00BF0035004008350040C7
:10E110000C35004020070050400700500805005013
:10E120000C05005080B584B000AF78600D4BFB60EB
:10E130000CE0FB68013BFB60FB68002B06D10A4B3F
:10E1400001221A60FFF75EFF002307E07B681B686F
:10E15000002BEED07B6800221A600123184610378E
:10E16000BD4680BDA08601001430004080B586B059
:10E1700000AF0346B9607A60FB737B68002B02D066
:10E180007B68102B01D900233EE000237B610BE06C
:10E19000BA687B69134419781D4A7B6913440A469F
:10E1A0001A707B6901337B617A697B689A42EFD38D
:10E1B000184B00221A60184B00221A60174AFB7B8A
:10E1C0001360174B124A1A60164A7B681360164B8D
:10E1D0004FF400721A60154B01221A600D48FFF7C8
:10E1E000A1FF034683F00103DBB2002B01D0002323
:10E1F0000AE00F4B1B68002B05D00D4B0C4A1B6827
:10E200001360002300E0012318461837BD4680BD87
:10E2100078690020043100402431004088350040F6
:10E22000443500404835004000320040083000408E
:10E23000C434004080B586B000AF0346B9607A6050
:10E24000FB737B68002B02D07B68102B01D9002365
:10E250003DE0214B00221A60204B00221A60204A28
:10E26000FB7B13601F4B204A1A60204A7B681360B7
:10E270001F4B4FF480521A601E4B01221A60164841
:10E28000FFF750FF034683F00103DBB2002B01D000
:10E2900000231CE0184B1B68002B05D0164B164AB8
:10E2A0001B681360002312E000237B610AE0BA6858
:10E2B0007B6913440C497A690A4412781A707B69A5
:10E2C00001337B617A697B689A42F0D30123184657
:10E2D0001837BD4680BD00BF0431004024310040E6
:10E2E00088350040343500408869002038350040CA
:10E2F0000032004000300040C434004080B586B099
:10E3000000AFBA607B600346FB730B46BB737B6850
:10E31000002B02D07B68102B01D9002346E0254A50
:10E32000BB7B1370244B00221A60244B00221A601E
:10E33000234AFB7B1360234B1E4A1A60224B0122A7
:10E340001A60224B224A1A60224A7B681360224BD1
:10E350004FF484521A60214B01221A601648FFF7CD
:10E36000E1FE034683F00103DBB2002B01D0002362
:10E370001CE01B4B1B68002B05D0194B184A1B686F
:10E380001360002312E000237B610AE0BA687B6916
:10E3900013440F497A690A4412781A707B69013371
:10E3A0007B617A697B689A42F0D30123184618375B
:10E3B000BD4680BD78690020043100402431004012
:10E3C0008835004044350040483500403435004031
:10E3D0008869002038350040003200400830004095
:10E3E000C434004080B584B000AF0346FB710B46D7
:10E3F000BB7113467B71BB793B737B797B7307F1F0
:10E400000C01FB7902221846FFF7B0FE03461846BE
:10E410001037BD4680BD80B400AF074B00221A60A4
:10E42000064B4FF0FF321A60054B4FF0FF321A6077
:10E4300000BFBD4680BC7047003500400835004035
:10E440000C35004080B483B000AF0346FB710B462F
:10E45000BB7113467B71FB79002B10D17B79002BAC
:10E4600006D0BB79104A012101FA03F3136016E0CC
:10E47000BB790E4A012101FA03F313600FE07B79A7
:10E48000002B06D0BB790A4A012101FA03F313607D
:10E4900005E0BB79074A012101FA03F3136000BFCD
:10E4A0000C37BD4680BC7047080500500C05005075
:10E4B000080800500C08005080B483B000AF034639
:10E4C0000A46FB711346BB71FB79002B09D1BB795E
:10E4D00003F5E0739B0003F1A0431A460323136086
:10E4E0000AE0BB7903F5E0739B0003F1A04303F559
:10E4F00040731A460323136000BF0C37BD4680BC2F
:10E50000704780B582B000AF00237B6032E0214AC3
:10E510007B6813441A7820497B680B441B781946A2
:10E520001046FFF7C9FF1D4A7B6813441A781C493F
:10E530007B680B441B7819461046FFF7BDFF154A50
:10E540007B6813441878144A7B6813441B780022B4
:10E550001946FFF777FF114A7B6813441878104A71
:10E560007B6813441B7801221946FFF76BFF7B6819
:10E5700001337B607B68042BC9DD0522002109483B
:10E5800001F0C0FA084B00221A7000BF0837BD46E0
:10E5900080BD00BFB0020100B8020100C00201004E
:10E5A000C8020100986900209D69002080B483B0F2
:10E5B00000AF7860054B7A681068186012791A719C
:10E5C00000BF0C37BD4680BC704700BF9869002073
:10E5D00080B500AF05220021024801F093FA00BF88
:10E5E00080BD00BF9869002080B582B000AF304B7D
:10E5F0001B781A462F4B9B5C2D4A127811462E4AE7
:10E60000515C00221846FFF71DFF294B1B785A1C4E
:10E610002A4B83FB02135910D317C91A0B469B00D0
:10E620000B44D11ACAB2224B1A70214B1B781A46DE
:10E63000234B9B5CFB7000237B6023E0FA787B68B4
:10E6400042FA03F303F00103002B0CD01D4A7B6850
:10E65000134418781C4A7B6813441B78002219461F
:10E66000FFF7F0FE0BE0174A7B6813441878164A50
:10E670007B6813441B7801221946FFF7E3FE7B6891
:10E6800001337B607B68042BD8DD094B1B781A466D
:10E69000084B9B5C064A12781146074A515C0122DE
:10E6A0001846FFF7CFFE00BF0837BD4680BD00BF4C
:10E6B0009D690020B0020100B8020100676666662D
:10E6C00098690020C0020100C802010080B483B034
:10E6D00000AF0346FB71FB79042B16D0042B16DC2C
:10E6E000032B10D0032B12DC022B0AD0022B0EDCE2
:10E6F000002B02D0012B02D009E0084B08E0084BA8
:10E7000006E0084B04E0084B02E0084B00E0084B31
:10E7100018460C37BD4680BC704700BFD0020100D0
:10E72000D8020100E0020100E8020100F00201004D
:10E73000F802010080B584B000AF0346FB71FB799D
:10E740001846FFF7C3FFF860F868FFF72FFF00BF18
:10E750001037BD4680BD80B586B000AF284A07F1AE
:10E760000C0392E8030018600433197000237B61E6
:10E7700025E007F10C027B6913441F221A7007F190
:10E780000C031846FFF712FF0023BB6010E0BA68C5
:10E790001C4BA3FB02131B0B41F2883101FB03F35B
:10E7A000D31A002B01D1FFF71FFFBB680133BB60F9
:10E7B000BB68154A9342EAD97B6901337B617B6967
:10E7C000042BD6DD00237B6010E07A680D4BA3FBA1
:10E7D00002131B0B41F2883101FB03F3D31A002B08
:10E7E00001D1FFF701FF7B6801337B607B68074A3B
:10E7F0009342EAD900BF00BF1837BD4680BD00BFB5
:10E80000000301005917B7D1FF340C007F1A06002E
:10E8100080B582B000AFFA1D01230F211920FFF748
:10E820006DFD034683F00103DBB2002B01D0002312
:10E830004CE0FB79332B01D0002347E04722202115
:10E840001920FFF7CFFD034683F00103DBB2002B55
:10E8500001D000233AE0882223211920FFF7C2FDCE
:10E86000034683F00103DBB2002B01D000232DE02F
:10E87000FA1D01234F211E20FFF740FD034683F0C0
:10E880000103DBB2002B01D000231FE0FB79402BFA
:10E8900001D000231AE0882260211E20FFF7A2FD8C
:10E8A000034683F00103DBB2002B01D000230DE00F
:10E8B000102262211E20FFF795FD034683F001031D
:10E8C000DBB2002B01D0002300E0012318460837FB
:10E8D000BD4680BD80B586B000AFF860B9607A6093
:10E8E00007F110020623A8211920FFF707FD0346B0
:10E8F00083F00103DBB2002B01D000231EE07B7C00
:10E900001BB21B021AB23B7C1BB213431AB2FB6848
:10E910001A80FB7C1BB21B021AB2BB7C1BB21343D6
:10E920001AB2BB681A807B7D1BB21B021AB23B7DF8
:10E930001BB213431AB27B681A800123184618379A
:10E94000BD4680BD80B586B000AFF860B9607A6022
:10E9500007F11002062368211E20FFF7CFFC0346B3
:10E9600083F00103DBB2002B01D000231EE07B7C8F
:10E970001BB21B021AB23B7C1BB213431AB2FB68D8
:10E980001A80FB7C1BB21B021AB2BB7C1BB2134366
:10E990001AB2BB681A807B7D1BB21B021AB23B7D88
:10E9A0001BB213431AB27B681A800123184618372A
:10E9B000BD4680BD80B582B000AF786078687B6866
:10E9C000991C7B6804331A46FFF784FF034683F0E3
:10E9D0000103DBB2002B01D0002312E07B68981DFD
:10E9E0007B6803F108017B680A331A46FFF7AAFF28
:10E9F000034683F00103DBB2002B01D0002300E0CB
:10EA0000012318460837BD4680BD80B582B000AFEF
:10EA1000FA1D012327211920FFF770FC034683F01C
:10EA20000103DBB2002B01D0002305E0FB7903F0EA
:10EA30000803C3F3C003DBB218460837BD4680BDE8
:10EA400080B582B000AFFA1D012367211E20FFF7B9
:10EA500055FC034683F00103DBB2002B01D00023F9
:10EA600005E0FB7903F00803C3F3C003DBB21846EB
:10EA70000837BD4680BD80B500AF00222021192097
:10EA8000FFF7B0FC032260211E20FFF7ABFC00BFA4
:10EA900080BD80B500AF472220211920FFF7A2FCDE
:10EAA000882260211E20FFF79DFC00BF80BD000072
:10EAB00080B485B000AF78607B68002B01DA00235A
:10EAC0007B607B681B12FB60FB687F2B01DD7F2373
:10EAD00001E0FB685BB218461437BD4680BC704746
:10EAE00080B491B000AFF860B9607A60FB681B68D1
:10EAF000FB630123BB6310E0BB6B9B00FA6813440C
:10EB00001B68FA6B9A4205DABB6B9B00FA681344E8
:10EB10001B68FB63BB6B0133BB63BA6B7B689A42B8
:10EB2000EADB00237B6300233B6323E03B6B9B001A
:10EB3000FA6813441A68FB6BD31A7B627B6A403312
:10EB40009B00FB62FB6A002B01DC0123FB62FA6A7B
:10EB50003B6B9B0040333B4443F8302C3B6B9B00AA
:10EB600040333B4453F8303C7A6B13447B633B6B3C
:10EB700001333B633A6B7B689A42D7DB7B6B002B9C
:10EB800001D101237B630023BB6213E0BB6A9B00BE
:10EB900040333B4453F8302C13461B029A1A7B6BCC
:10EBA000B2FBF3F1BB6ABA681344CAB21A70BB6A0B
:10EBB0000133BB62BA6A7B689A42E7DB00BF00BFE1
:10EBC0004437BD4680BC704780B400AF012318466F
:10EBD000BD4680BC704780B5A0B000AFF860B9609A
:10EBE000FB68BB640023FB6742E0FB6F9B00BA6CD1
:10EBF00013441B6807EE903AB8EEE77ADFED986AA7
:10EC0000C7EE267AC7ED117A964AFB6F9B00134434
:10EC1000D3ED007A97ED117A67EE277AC7ED1E7A69
:10EC2000D7ED1E7A9FED907AF4EEC77AF1EE10FAE6
:10EC300001DD8E4BBB67D7ED1E7A9FED8D7AF4EE2A
:10EC4000C77AF1EE10FA02D54FF04343BB67D7ED18
:10EC50001E7AFDEEE77AC7ED017A3B7959B207F1EA
:10EC60003C02FB6F13440A461A70FB6F0133FB67CB
:10EC7000FB6F052BB9DD00237B6732E07D4A7B6F9C
:10EC800052F823303B670023FB6619E07A497A6F1C
:10EC900013465B0013445B00CA18FB6E134493F9E0
:10ECA0000030194607F13C02FB6E134493F9003023
:10ECB00001FB03F33A6F13443B67FB6E0133FB66C2
:10ECC000FB6E052BE2DD386FFFF7F2FE03461946B7
:10ECD00007F12C027B6F13440A461A707B6F0133D5
:10ECE0007B677B6F0F2BC9DD0023BB662FE0634A78
:10ECF000BB6E52F823307B6600233B6616E0604A09
:10ED0000BB6E1B011A443B6E134493F90030194645
:10ED100007F12C023B6E134493F9003001FB03F31F
:10ED20007A6E13447B663B6E01333B663B6E0F2B62
:10ED3000E5DD786EFFF7BCFE0346194607F12402B5
:10ED4000BB6E13440A461A70BB6E0133BB66BB6EC2
:10ED5000072BCCDD0023FB652DE04A4AFB6D52F802
:10ED60002330BB6500237B6516E0474AFB6DDB0063
:10ED70001A447B6D134493F90030194607F12402BD
:10ED80007B6D134493F9003001FB03F3BA6D134418
:10ED9000BB657B6D01337B657B6D072BE5DDFB6D13
:10EDA0009B00783307F108021344BA6D43F8702CC6
:10EDB000FB6D0133FB65FB6D042BCEDDBB68991C3D
:10EDC00007F1100305221846FFF78AFE002387F893
:10EDD0005330002387F852300023FB6415E0BA68F3
:10EDE000FB6C134402331B7897F853209A4209D2E4
:10EDF000BA68FB6C134402331B7887F85330FB6C02
:10EE000087F85230FB6C0133FB64FB6C042BE6DDAE
:10EE1000BB6897F852201A7097F85330642202FBAF
:10EE200003F31A4AA2FB0323DB09DAB2BB685A7068
:10EE3000BB680022DA71BB681B78032B03D0BB6868
:10EE40001B78042B06D1BB685B78362B02D9BB68D4
:10EE50000122DA71012318468037BD4680BD00BF0C
:10EE600000008047080301000000FE420000FE424F
:10EE7000000000C3800301002003010040040100E2
:10EE8000C0030100880401006004010081808080CB
:10EE900080B483B000AF0346FB71FB79042B04D828
:10EEA000FB79054A52F8233000E0044B18460C3732
:10EEB000BD4680BC704700BF54010020D40401004F
:10EEC00080B582B000AF78607B680022C3F8002C68
:10EED0007B680022C3F8042C7B684FF44062002159
:10EEE000184600F00FFE00BF0837BD4680BD80B455
:10EEF00085B000AF786039607B68D3F8003C01339F
:10EF0000DBB2FB607B68D3F8043CFA689A4201D11B
:10EF1000002312E07B68D3F8002C796813465B006D
:10EF200013449B000B443A6810685168926807C309
:10EF30007B68FA68C3F8002C012318461437BD46D5
:10EF400080BC704790B482B000AF786039607B6855
:10EF5000D3F8042C7B68D3F8003C9A4201D10023FB
:10EF600017E07B68D3F8042C3868796813465B0097
:10EF700013449B000B44044607CB20606160A260F1
:10EF80007B68D3F8043C0133DAB27B68C3F8042C05
:10EF9000012318460837BD4690BC704790B589B02C
:10EFA00000AFF860B9607A60F86800F04EF87861F8
:10EFB0007A687B699A4201D97B697B60FB68D3F8E8
:10EFC000043CFB610023BB611AE0BA6913465B0095
:10EFD00013449B001A46BB689818F968FA691346EF
:10EFE0005B0013449B000B44044607CB2060616028
:10EFF000A260FB690133DBB2FB61BB690133BB611A
:10F00000BA697B689A42E0D37B6818462437BD46CC
:10F0100090BD80B584B000AF78603960786800F04A
:10F0200014F8F8603A68FB689A4201D9FB683B60C3
:10F030007B68D3F8042C3B681344DAB27B68C3F8CE
:10F04000042C00BF1037BD4680BD80B483B000AF34
:10F0500078607B68D3F8002C7B68D3F8043CD31A23
:10F06000DBB218460C37BD4680BC704780B483B015
:10F0700000AF78607B68D3F8002C7B68D3F8043C41
:10F080009A420CBF01230023DBB218460C37BD4661
:10F0900080BC704780B483B000AF78607B68D3F8E1
:10F0A000003C0133DAB27B68D3F8043C9A420CBFCF
:10F0B00001230023DBB218460C37BD4680BC7047E5
:10F0C0002DE9B00385B000AF786039607968C81762
:10F0D000884681463968C8170C46054604FB09F086
:10F0E00008FB05F10144A8FB042319440B46C7E9BA
:10F0F0000223C7E90223D7E902014FF000024FF0D3
:10F100000003020C42EA01420B141346184614375E
:10F11000BD46BDE8B00370472DE9B04384B000AFF1
:10F12000786039603B68002B07D17B68002B02DBDD
:10F130006FF000431CE0114B1AE07B68DA171C46A5
:10F1400015464FF000024FF000032B0443EA14432E
:10F150002204C7E902233B68DA17984691464246E3
:10F160004B46D7E9020100F051FA02460B4613461E
:10F1700018461037BD46BDE8B08300BF01000080CF
:10F1800080B485B000AF78607B68002B01D100238C
:10F1900010E07B68FB60FB68BB607A68FB68B2FBD1
:10F1A000F3F2FB6813445B08FB60FA68BB689A42A1
:10F1B000F1D3BB6818461437BD4680BC704780B594
:10F1C00084B000AF78607B68002B01DC002306E090
:10F1D0007B681846FFF7D4FFF860FB681B021846EF
:10F1E0001037BD4680BD80B588B000AF786039600B
:10F1F0003B68002B04D17B68002B01D1002335E054
:10F200007B68002BB8BF5B42BB613B68002BB8BF7B
:10F210005B427B617A69BB699A420BDB7969B869A9
:10F22000FFF77AFFF8604FF43411F868FFF748FFF2
:10F23000F8610DE0B9697869FFF76EFF38614FF446
:10F2400034113869FFF73CFF0346C3F5B403FB6193
:10F250003B68002B03DAFB69C3F53403FB617B6871
:10F26000002B02DAFB695B42FB61FB691846203721
:10F27000BD4680BD80B584B000AF786039603B6822
:10F28000002B01D100231EE00023FB600023BB60A4
:10F290000CE0BB685B007A681344B3F900301A468F
:10F2A000FB681344FB60BB680133BB60BA683B6812
:10F2B0009A42EED3FB681A043B681B0419461046B9
:10F2C000FFF72AFF034618461037BD4680BD2DE9DB
:10F2D000B04F8EB000AFF861B9617A61BB69012BA4
:10F2E00001D800234BE04FF000024FF00003C7E9C4
:10F2F0000C237B691B14BB620023FB6227E0FB6AC3
:10F300005B00FA691344B3F900301A46BB6AD31A9A
:10F310003B623B6ADA17984691463B6ADA179A468F
:10F3200093460AFB09F208FB0BF31344A8FB0A45BA
:10F330002B441D46D7E90C23111939606B417B60C2
:10F34000D7E90023C7E90C23FB6A0133FB62FA6AA1
:10F35000BB699A42D3D3BB69013B0022BB60FA6010
:10F36000D7E90223D7E90C0100F050F902460B4619
:10F3700013467B62786AFFF703FF03461B041846B7
:10F380003837BD46BDE8B08F2DE9B04F88B000AF2B
:10F39000F860B960B968002901D1002347E04FF057
:10F3A00000004FF00001C7E906010021796127E064
:10F3B00079694900F8680144B1F9001009B2C81729
:10F3C0000C46054679694900F8680144B1F9001016
:10F3D00009B2C8178846814608FB05F004FB09F10D
:10F3E0000144A4FB082319440B46D7E9060110EB9E
:10F3F000020A41EB030BC7E906AB79690131796178
:10F400007869B9688842D3D3BB6800223B607A60D0
:10F41000D7E90023D7E9060100F0F8F802460B46C9
:10F4200013463B613869FFF7ABFE03461B041846E1
:10F430002037BD46BDE8B08F80B489B000AFF8601A
:10F44000B9601346FB80BB68012B01D800234EE056
:10F450000023FB61FB68B3F90030B7F906209A423C
:10F460000FDDFB68B3F900301A46B7F906305B428E
:10F470009A4203DC4FF0FF33BB6104E00023BB6121
:10F4800001E00123BB6101237B612AE0BB69002B02
:10F4900012DB7B695B00FA681344B3F900301A464B
:10F4A000B7F906305B429A4206DCFB690133FB6127
:10F4B0004FF0FF33BB6111E0BB69002B0EDC7B69B1
:10F4C0005B00FA681344B3F90030B7F906209A429A
:10F4D00004DCFB690133FB610123BB617B69013300
:10F4E0007B617A69BB689A42D0D3FB691B041846DA
:10F4F0002437BD4680BC70472DE9B04F96B000AFB1
:10F500000346A7F846300B46A7F844301346A7F841
:10F510004230B7F94630DA17BB62FA62B7F94630C3
:10F52000DA171C461546D7E90A010B4604FB03F21D
:10F53000034603FB05F313440246A2FB042179634F
:10F540003A637A6B13447B63B7F94430DA173B6252
:10F550007A62B7F94430DA17BB63FA63D7E9080176
:10F560000B46D7E90E45224602FB03F2C7E90E45DA
:10F57000FB6B04460D46214601FB03F31344224670
:10F58000B96BA2FB01AB5B449B46D7E90C120B465F
:10F5900013EB0A03BB61134643EB0B03FB61B7F9A3
:10F5A0004230DA173B617A61B7F94230DA17BB6053
:10F5B000FA60D7E904452B46D7E902AB524602FB75
:10F5C00003F25B46214601FB03F3134422465146F6
:10F5D000A2FB01894B449946D7E906120B4613EB6F
:10F5E00008033B60134643EB09037B60D7E9003413
:10F5F000C7E914343B6D1846FFF7C2FDF864FB6C95
:10F600001B0418465837BD46BDE8B08F7BB972B9A8
:10F610000029BEBF00204FF0004106E008BF0028CF
:10F620001CBF6FF000414FF0FF3000F03FB8ADF16C
:10F63000080C6DE904CE002909DB002B1ADB00F071
:10F64000D1F8DDF804E0DDE9022304B07047404260
:10F6500061EB4101002B1BDB00F0C4F8DDF804E096
:10F66000DDE9022304B0404261EB4101524263EB09
:10F6700043037047524263EB430300F0B3F8DDF8F5
:10F6800004E0DDE9022304B0404261EB4101704730
:10F69000524263EB430300F0A5F8DDF804E0DDE936
:10F6A000022304B0524263EB43037047704700BF2C
:10F6B000844641EA000313F003036DD1403A41D37D
:10F6C00051F8043B40F8043B51F8043B40F8043B3C
:10F6D00051F8043B40F8043B51F8043B40F8043B2C
:10F6E00051F8043B40F8043B51F8043B40F8043B1C
:10F6F00051F8043B40F8043B51F8043B40F8043B0C
:10F7000051F8043B40F8043B51F8043B40F8043BFB
:10F7100051F8043B40F8043B51F8043B40F8043BEB
:10F7200051F8043B40F8043B51F8043B40F8043BDB
:10F7300051F8043B40F8043B51F8043B40F8043BCB
:10F74000403ABDD2303211D351F8043B40F8043B6B
:10F7500051F8043B40F8043B51F8043B40F8043BAB
:10F7600051F8043B40F8043B103AEDD20C3205D37B
:10F7700051F8043B40F8043B043AF9D2043208D073
:10F78000D2071CBF11F8013B00F8013B01D30B88E5
:10F7900003806046704700BF082A13D38B078DD0C3
:10F7A00010F003038AD0C3F10403D21ADB071CBF95
:10F7B00011F8013B00F8013B80D331F8023B20F8FF
:10F7C000023B7BE7043AD9D3013A11F8013B00F838
:10F7D000013BF9D20B7803704B7843708B788370C0
:10F7E000604670472DE9F04782B00646DDF828E014
:10F7F0000846B4460D46002B4ED18A4214466DD9B8
:10F80000B2FA82F242B1C2F12003954026FA03F324
:10F8100094401D4306FA02FC260CA7B2B5FBF6F194
:10F820004FEA1C4306FB115543EA054301FB07F071
:10F83000984209D9E31801F1FF3580F0038198421D
:10F8400040F20081023923441B1A1FFA8CFCB3FBDF
:10F85000F6F006FB10334CEA034C00FB07F363455C
:10F860000AD914EB0C0C00F1FF3580F0ED806345F4
:10F8700040F2EA80A444023840EA0140ACEB030CB9
:10F880000021BEF1000F04D02CFA02F30022CEE9D1
:10F89000003202B0BDE8F0878B4209D9BEF1000FFB
:10F8A00001D0CEE900610021084602B0BDE8F08732
:10F8B000B3FA83F1174600294DD1834202D3B242F5
:10F8C00000F20F81B6EB070C60EB030301201D462D
:10F8D000BEF1000FDDD0CEE900C5DAE7002A00F066
:10F8E00098801A46B4FA84F3002B40F0AF800B1BCB
:10F8F000270CA6B20121B3FBF7F54FEA1C4007FB2A
:10F90000153340EA034306FB05F8984507D9E31889
:10F9100005F1FF3002D2984500F2E8800546A3EBDE
:10F9200008031FFA8CFCB3FBF7F007FB10334CEA1B
:10F93000034C06FB00F3634508D914EB0C0C00F1F3
:10F94000FF3602D2634500F2CE803046ACEB030CAA
:10F9500040EA054095E7C1F120058B4022FA05FCFD
:10F960004CEA030C00FA01F426FA05F3E84002FA27
:10F9700001F943EA04084FEA1C4206FA01FAB0FB17
:10F98000F2F71FFA8CF602FB17004FEA184444EA1C
:10F99000004407FB06F0A0420AD91CEB040407F15F
:10F9A000FF3380F09C80A04240F29980023F644483
:10F9B000241A1FFA88F3B4FBF2F002FB104443EA66
:10F9C000044300FB06F69E4209D91CEB030300F139
:10F9D000FF3480F082809E427FD90238634440EA3F
:10F9E0000740A0FB09749B1BA3423E46A04664D37C
:10F9F00061D0BEF1000F0AD0BAEB060263EB080338
:10FA000003FA05F5CA401543CB40CEE90053002167
:10FA10003FE7730843EAC1734A08190C41EA0241FF
:10FA20004FEAC67C9BB2B2FBF4F02646A0462746BE
:10FA30001F2243EA0143B1FBF4F1A3EB080341EABF
:10FA4000004158E72946FFE6284615E71A46C3F164
:10FA500020019C4026FA01F320FA01F19040034373
:10FA6000270C06FA02FCB1FBF7F0A6B207FB101553
:10FA7000190C41EA054100FB06F58D423BD961189E
:10FA800001D28D4220D8491B0138B1FBF7F5019511
:10FA900005FB06F8019D9BB207FB151143EA0143E4
:10FAA000434526D2E31805F1FF31C6D24345C4D2FF
:10FAB000A91E2344C1E7BA459BD2B7EB090664EB04
:10FAC0000C040138A04694E7651B29440238B1FBB9
:10FAD000F7F5019505FB06F8DCE720467FE71F46B2
:10FAE00066E70846F4E6A44402382FE7023D2344C3
:10FAF00015E70199A1E7491BB1FBF7F5019505FB56
:10FB000006F8C7E730B584078646034606D0A2B399
:10FB100003F8011B980702F1FF32F8D1032A26D916
:10FB20005FFA81FC0CEB0C2C0F2A0CEB0C402AD951
:10FB300022F00F0C9C44C3E90000C3E9020010331B
:10FB40006345F8D112F00C0F02F00F0417D04FEA02
:10FB5000940C0CF1FF351A4603EB8C0C42F8040BA5
:10FB60006245FBD1043304F0030203EB850322B1A9
:10FB70001A4403F8011B9A42FBD1704630BD22465D
:10FB8000002AF5D1F9E71446E1E700BF0A0D0000AD
:10FB90002000000030000000580000007800000045
:10FBA00030313233343536373839616263646566F3
:10FBB00030313233343536373839414243444546A3
:10FBC000464C4F43000000004D4C4F4300000000E6
:10FBD000444D4C6B000000000000000000000000DD
:10FBE000000000000100000008000000000000000C
:10FBF00000000000080000004D330000000000007D
:10FC00004000000000000000000000004000000074
:10FC1000D13D0000000000000020000000000000B6
:10FC20000000000000200000F1480000000000007B
:10FC30000040000000000000695300000040000088
:10FC40002D53000069530000000100000000000077
:10FC5000DD5B000000010000A15B0000DD5B000037
:10FC60000002000000000000000000008000000012
:10FC70000000000000000000800000005967000044
:10FC8000000000008000000059670000CD67000000
:10FC90000400000000000000CD6F00000400000020
:10FCA000496F0000CD6F0000746B5F6578745F74FE
:10FCB000736B207761732063616C6C656420696E7F
:10FCC00020746865207461736B20696E646570656B
:10FCD0006E64656E740A0000746B5F6578745F749F
:10FCE000736B207761732063616C6C656420696E4F
:10FCF0002074686520646973706174636820646946
:10FD00007361626C65640A00746B5F6578645F742C
:10FD1000736B207761732063616C6C656420696E1E
:10FD200020746865207461736B20696E646570650A
:10FD30006E64656E740A0000746B5F6578645F744E
:10FD4000736B207761732063616C6C656420696EEE
:10FD500020746865206469737061746368206469E5
:10FD60007361626C65640A0001000000000000001D
:10FD70000000000002000000000000000000000081
:10FD8000214552524F522120696E69745F496D615D
:10FD90006C6C6F630A000000214552524F522120C3
:10FDA000696E69745F6465766963650A00000000C6
:10FDB000214552524F522120696E69745F696E6904
:10FDC0007469616C697A650A00000000214552522D
:10FDD0004F5221206B65726E656C206F626A65639D
:10FDE0007420696E697469616C697A650A00000043
:10FDF000214552524F52212053797374656D2074FE
:10FE0000696D657220737461727475700A00000008
:10FE1000214552524F522120496E697469616C200C
:10FE20005461736B2063616E206E6F742073746114
:10FE300072740A00214552524F522120496E697452
:10FE400069616C205461736B2063616E206E6F7406
:10FE50002063726561740A00000000000100000068
:10FE6000C5A1000001000000000400000000000027
:10FE70000A3C3C2053595354454D20534855544453
:10FE80004F574E203E3E0A000A0A6D6963726F5456
:10FE90002D4B65726E656C2056657273696F6E20AE
:10FEA00025782E253032780A0A000000214552526A
:10FEB0004F522120496E6974205461736B20737412
:10FEC0006172740A00000000696963005B5457495D
:10FED0004D204857204552525D204552524F5253B3
:10FEE0005243203D203078253038580A0000000069
:10FEF0005B5457494D5D2053746F702074696D6574
:10FF00006F75742C20666F7263696E6720627573FB
:10FF100020636C6561722E2E2E0A000073657200DC
:10FF2000B004000000F004006009000000D00900E7
:10FF3000C012000000B01300802500000050270010
:10FF40004038000000003B00004B000000A04E00C5
:10FF50008070000000F07500127A00000000800040
:10FF60000096000000509D00C0DA00000000E5008F
:10FF700000E1000000F0EB00002C010000903A01CD
:10FF800000C2010000E0D7010084030000B0AF030D
:10FF900090D00300000000040008070000705F0715
:10FFA00000100E0000D0BE0E40420F0000000010F6
:10FFB0000100000005B500001425004028000000E5
:10FFC0000C2500400600000008250040FFFFFFFF51
:10FFD00010250040FFFFFFFF0000000000000000B0
:10FFE0000A3C3C2053595354454D205245534554E7
:10FFF00020262052455354415254203E3E0A0000D0
:020000021000EC
:100000000A3C3C2053595354454D204641535420FB
:1000100052455354415254203E3E0A000A3C3C2073
:1000200053595354454D2052455354415254203E48
:100030003E0A00004E4D490A000000002A2A2A20EC
:1000400048617264206661756C74202A2A2A202017
:1000500063747874736B3A25642020484653523A8F
:1000600025782020434653523A25780A00000000A4
:100070002A2A2A2048617264206661756C74202ADD
:100080002A2A202063747874736B3A2564202048F0
:100090004653523A257825780A0000004D505520E5
:1000A0004661756C740A0000427573204661756C78
:1000B000740A00005573616765204661756C740AA7
:1000C00000000000535643616C6C0A004465627581
:1000D00067204D6F6E69746F720A0000556E64651B
:1000E00066696E6520457863657074696F20494361
:1000F00050523A2000000000257820000A0000003D
:100100005B424C455D202A2A2A20414E58494554DD
:1001100059204E4F54494649434154494F4E20536C
:10012000454E543A2053746174653D25642028255A
:1001300073292C20436F6E663D25642525202A2ACD
:100140002A0A00005B424C455D20537461746520AF
:100150004E6F74696669636174696F6E2053656E72
:10016000743A2053746174653D25642028257329F1
:100170002C20436F6E663D256425250A0000000093
:100180005B464541545D205374643D256C642C20CE
:100190004D61673D256C642C20644D61673D256C85
:1001A000642C2050697463683D256C642C205A438C
:1001B000523D256C642C20426F75743D256C640A99
:1001C000000000005B494D555D2057696E646F77F4
:1001D0002073746570202836322073616D706C65F1
:1001E000732C20746F74616C20256C75292E204C43
:1001F0006173743A61783D25642C61793D25642CE6
:10020000617A3D25640A0000150A150A15000000F0
:100210000A040A040A000000494E4623256C750AA8
:1002200000000000503A25642C25642C25642C2500
:10023000642C25640A0000005B4D4C5D2053746102
:100240007465206368616E67656420746F3A202569
:10025000732028436F6E666964656E63653A202576
:10026000642525290A0000005B4D4C5D202A2A2ABE
:1002700020414E5849455459205350494B4520443C
:10028000455445435445442120547269676765725B
:10029000696E6720416C61726D202A2A2A0A00006B
:1002A000020106090950617753746174650000000A
:1002B000000000000000000015160F1813000000D9
:1002C00000000001000000001C0B1F051E000000C4
:1002D0001F0804021F00000004081F08040000009B
:1002E000040E1F0E0A0000000404040004000000B5
:1002F0001F1111111F0000000E080400040000006F
:100300000000000000000000118A2D3B9FAE6E3BF4
:10031000BEF8623F0E654C3F63277640F27D313D6B
:10032000081B08E03DFEBC42C5E10CB118EDFEFD26
:10033000FECDFC2E3131B50E630B45E23EB444AE2A
:10034000C3FEE9AC9E341E23EFA33CDFD2E73BF5AE
:100350005D2DE440F4DD2CE2C1DF4B4D3EC7CDBE48
:10036000DD0123127FF11428CD4D03FE244104F258
:100370002437179920312221C00937F7B7003825D3
:1003800053000000160000000000000049000000BB
:10039000C7FFFFFF000000001C000000C5FFFFFFBB
:1003A000D9FFFFFF6E00000000000000E1FFFFFF2B
:1003B000F6FFFFFFF7FFFFFFC9FFFFFF8BFFFFFF08
:1003C0008F0310DFB80AE711C6142DAF56A051AB4A
:1003D000C11CF1E7F62CEC389FE64451B5A69FE628
:1003E000085454D82B2C7FF105F222F63803D73C61
:1003F00041EAC239B130093D3B07E2CCBAC70FE050
:10040000CBD7CCDD2A06ED4C10F2E838B339B5D2A3
:1004100039F8C034B856DC50CC295CA409C72A4846
:100420002E16D7DFE0D65A27C2B9A4200C3D2805E6
:100430004CC6ED1913D613CB162AAFE42936A40007
:1004400002000000FDFFFFFFA0FFFFFFF0FFFFFF26
:10045000F7FFFFFF29000000220000005700000006
:10046000D7DB0CE5188E2CB4B826CF3E2D100A1120
:1004700017B82C0816F781C38E03C1E2F7D25C20AF
:10048000624FFB2CB8E137D1BAFFFFFF3700000005
:10049000050000003A000000C1FFFFFF52657374C1
:1004A000696E670057616C6B696E6700506C6179AB
:1004B000696E6700416E78696F757320506163697A
:1004C0006E670000416C65727420467265657A65DE
:0C04D00000000000556E6B6E6F776E0030
:0804DC00D4F1FF7F01000000D4
:1004E40000200040000000000000000000000000A8
:1004F4000080004000000000000000000090004068
:10050400000000000000000000A000400000000007
:100514000000000000A001400000000000000000F6
:1005240000B001400000000000000000FFFFFF00D9
:10053400FFFF00009C040100A4040100AC040100BE
:08054400B4040100C40401002D
:040000030000C951DF
:00000001FF
